1,Twitterbridge,7865.21
2,Kazu,3001.16
3,Vimbo,4169.71
4,Cogilith,8643.53
5,Kimia,4126.93
6,Photobug,7411.61
7,Shuffletag,1175.07
8,Roodel,9942.88
9,Yodoo,9330.82
10,Gabtune,9462.72
11,Wordtune,7315.74
12,Zoomzone,4975.76
13,Kwideo,7251.36
14,Voomm,6307.65
15,Meevee,4751.67
16,Thoughtsphere,2138.8
17,Eabox,4919.66
18,Wordtune,3453.46
19,Kamba,5128.09
20,Viva,8609.92
21,Yombu,3831.07
22,Blogtags,4074.84
23,Riffwire,5180.43
24,Wordpedia,8762.49
25,Dynabox,7492.32
26,Topiczoom,7478.95
27,Mydeo,2753.58
28,Jaloo,1891.21
29,Blogtags,8257.13
30,Voonder,7094.52
31,Livetube,2488.61
32,Fadeo,9381.76
33,Fivechat,5532.2
34,DabZ,4581.91
35,Eidel,6775.4
36,Eamia,1291.53
37,Quaxo,2112.81
38,Innotype,1057.94
39,Gigaclub,179.11
40,Skalith,2546.02
41,Shufflester,7235.47
42,Muxo,7402.99
43,Thoughtbridge,3472.28
44,Aibox,9823.99
45,Topiclounge,173.49
46,Edgeify,1987.9
47,Leenti,4140.38
48,Devshare,979.31
49,Gabcube,1353.13
50,Tagopia,7111.86
51,Wordware,3491.95
52,Eazzy,4437.02
53,Oyoyo,3324.26
54,Quire,1495.12
55,Voolia,9509.51
56,Topiclounge,9810.63
57,Jatri,6261.66
58,Skipstorm,4568.86
59,Blognation,5906.3
60,Leexo,7513.52
61,Dynazzy,1976.8
62,Voomm,7278.82
63,Kwilith,1386.59
64,Janyx,2185.74
65,Pixope,2359.23
66,Youbridge,9616.54
67,Tavu,7010.1
68,Gabvine,7471.38
69,Devshare,137.16
70,Thoughtmix,1329.52
71,Livefish,1507.53
72,Mydo,2540.39
73,Brainlounge,5597.89
74,Zooveo,5317.49
75,Voonix,3649.62
76,Browseblab,3017.06
77,Blogtags,1757.11
78,Thoughtmix,1988.12
79,Realblab,3700.29
80,Gabspot,6406.34
81,Jabberbean,2322.0
82,Browsecat,6966.45
83,Twitterbridge,5387.16
84,Shufflester,6183.88
85,Quamba,3422.98
86,Thoughtbridge,7289.91
87,Linklinks,3340.1
88,Oodoo,8614.61
89,Edgetag,1151.62
90,Topicblab,483.58
91,Thoughtstorm,3683.49
92,Brainlounge,959.77
93,Livetube,4233.29
94,Twitterbridge,3893.62
95,Gabvine,4619.5
96,Oyondu,517.53
97,Tagchat,9670.41
98,Twitterbridge,3169.03
99,Katz,2365.02
100,Mycat,4750.25
101,Linklinks,7214.5
102,Linkbuzz,9874.43
103,Youbridge,7801.82
104,Ntag,8003.58
105,Yadel,1294.18
106,Tagchat,8949.01
107,Yotz,9669.08
108,Eamia,7244.01
109,Oyondu,289.13
110,Voolia,9761.56
111,Edgewire,7422.32
112,Snaptags,5156.49
113,Zoomcast,1836.49
114,Innotype,6918.56
115,Lazz,9624.07
116,Yakijo,3294.87
117,Jatri,1284.54
118,Wordtune,9175.54
119,Skippad,1670.27
120,Linkbuzz,4470.89
121,Rooxo,696.51
122,Cogidoo,5589.22
123,Oyoyo,6355.11
124,Bubblemix,1428.85
125,Kamba,4774.32
126,Oozz,6014.35
127,Topdrive,309.83
128,Buzzster,4866.59
129,Skinte,5757.81
130,Minyx,6112.53
131,Kare,8642.77
132,Skiba,9162.3
133,JumpXS,5300.76
134,Blogspan,2073.03
135,Browsezoom,3894.31
136,Jayo,5413.91
137,Mycat,5373.01
138,Kayveo,1289.63
139,Kare,5903.84
140,Livepath,2676.3
141,Linkbridge,7180.48
142,Dabvine,7523.38
143,Dabjam,6183.41
144,Youspan,4974.11
145,Zoomcast,1454.38
146,Fivebridge,9022.02
147,Voonix,7843.09
148,Yodoo,2877.0
149,Realcube,7495.78
150,Linkbridge,9887.79
151,Oyonder,3792.29
152,Voolith,1990.29
153,LiveZ,4963.43
154,Oodoo,352.65
155,Eayo,3612.75
156,Dynava,3834.64
157,Feednation,6478.61
158,Avamba,9715.02
159,Kwilith,7342.76
160,Aivee,9787.94
161,Janyx,8324.86
162,Mydo,8078.22
163,Edgeify,3503.42
164,Fivespan,2660.18
165,Browsebug,8425.29
166,Brainverse,2587.44
167,Latz,1582.55
168,Photobug,7897.98
169,Trilia,3195.4
170,Realcube,7728.3
171,Linktype,2623.99
172,Agivu,1852.53
173,Jabberstorm,689.64
174,Npath,2402.41
175,Gigabox,7755.76
176,Oyondu,5996.17
177,Wikivu,1109.77
178,Feedbug,3586.75
179,Aimbu,3490.2
180,Feedmix,4635.49
181,Photobug,6177.64
182,Flashdog,5098.2
183,Devshare,6031.33
184,Thoughtbeat,8927.17
185,Topicware,299.31
186,Gigaclub,3156.37
187,Midel,2231.28
188,Abatz,4265.18
189,Flipbug,2496.13
190,Trunyx,7256.09
191,Yata,4710.62
192,Wordtune,4449.71
193,Thoughtsphere,5485.04
194,Brainsphere,4836.17
195,Omba,2733.49
196,Dynabox,7345.74
197,Tagopia,8231.11
198,Oyoloo,188.81
199,Aimbu,7623.93
200,Flashset,719.19
201,Babbleblab,7326.86
202,Twitterbridge,6598.5
203,Realbuzz,4584.97
204,Devpoint,823.9
205,Camimbo,8722.9
206,LiveZ,8413.77
207,LiveZ,6380.01
208,Twinder,8902.89
209,Quaxo,5953.06
210,Rhycero,1832.47
211,Digitube,2854.29
212,Kayveo,2890.46
213,Tanoodle,7102.23
214,Gabtype,7640.06
215,Talane,4909.02
216,Fiveclub,8945.55
217,Abatz,6739.46
218,Oba,3961.17
219,Skippad,5807.06
220,Tagtune,7133.92
221,Thoughtmix,164.22
222,Zoomzone,8412.64
223,Twimm,1959.32
224,Blogtags,2413.75
225,Mymm,8266.44
226,Zooveo,9639.62
227,Yozio,550.96
228,Katz,3566.73
229,Fanoodle,6489.79
230,Trilith,4838.54
231,Rhybox,2707.17
232,Eabox,5973.09
233,Roodel,5963.24
234,Quamba,7637.97
235,Voolith,2926.06
236,Zoozzy,4326.93
237,Flashspan,2208.45
238,Buzzdog,1028.74
239,Tavu,9435.85
240,Kare,8051.0
241,Skynoodle,6337.56
242,Jamia,1817.28
243,Divape,7984.06
244,Camido,3148.39
245,Zoombeat,4315.87
246,Yamia,7644.63
247,Rhyloo,5764.45
248,Zoonoodle,3694.66
249,Edgeify,5874.37
250,Camimbo,8196.98
251,Blogspan,3724.88
252,Flashset,8794.42
253,Twimbo,8080.71
254,Zoomdog,9827.71
255,Feedfish,379.87
256,Mymm,1549.84
257,Muxo,8832.57
258,Tagopia,6477.07
259,Skidoo,9790.54
260,Feedbug,7289.19
261,Agimba,4018.54
262,Feednation,3786.02
263,Realcube,936.34
264,Riffpedia,3654.09
265,Ntag,6506.2
266,Yata,9150.06
267,Topicshots,4430.73
268,Zoombeat,7570.62
269,Voolia,1894.13
270,Twinder,5062.68
271,Trudeo,5464.96
272,Quinu,8661.03
273,Jaxworks,3883.93
274,Kamba,5871.25
275,Meembee,8272.88
276,Riffpath,1293.72
277,Skimia,9567.5
278,Yodel,5724.92
279,Meemm,2233.89
280,Jabbersphere,2326.85
281,Skiptube,7400.43
282,Skippad,9766.49
283,Ainyx,7054.61
284,Ntag,6878.71
285,Zoomdog,8704.15
286,Fliptune,1127.94
287,Eamia,8169.54
288,Skynoodle,3866.7
289,Jabbersphere,1774.55
290,Gevee,4386.79
291,Avavee,6645.83
292,Layo,3754.22
293,Demimbu,6140.61
294,Zoomcast,7911.66
295,Twimbo,7602.19
296,Bluezoom,8725.02
297,Jazzy,5884.35
298,Janyx,1835.25
299,Rhycero,1740.99
300,Kimia,5913.24
301,Teklist,8352.45
302,Skaboo,7332.18
303,Edgeblab,4656.55
304,Oyoyo,9120.29
305,Dazzlesphere,9539.91
306,Blogpad,5891.26
307,LiveZ,2226.5
308,Kazu,5632.85
309,Shufflester,9365.58
310,Edgepulse,4936.66
311,Lazz,3104.2
312,Meetz,6297.3
313,Eamia,7995.55
314,Mydo,6339.71
315,Rhynoodle,2701.47
316,Divavu,5362.89
317,Mydeo,3869.0
318,Edgeblab,7735.4
319,Blogspan,732.2
320,Topicblab,4404.95
321,Devshare,2955.11
322,Flipstorm,6440.66
323,Skyba,4708.8
324,Latz,3699.64
325,Kwilith,5368.94
326,Browseblab,2716.1
327,Buzzdog,206.2
328,Teklist,2008.52
329,Ozu,1835.72
330,Ntags,4945.26
331,Browsetype,4754.76
332,Aimbu,8595.21
333,Vinder,7071.62
334,Tavu,6667.88
335,Blogtags,8072.7
336,Youspan,5646.7
337,Youspan,3301.08
338,Janyx,4667.98
339,Kwilith,1706.29
340,Kayveo,1527.04
341,Youfeed,3320.64
342,Twinte,3259.62
343,Fivechat,9029.17
344,Aibox,4742.36
345,Quatz,9562.86
346,Rhybox,2573.36
347,Katz,8032.9
348,Devify,788.1
349,Aimbu,9621.66
350,Chatterbridge,9525.98
351,Jetwire,768.17
352,Jabbersphere,7348.22
353,Linklinks,9766.09
354,Realbuzz,5511.65
355,Edgepulse,9076.72
356,Bluejam,7688.06
357,Jaloo,9968.56
358,Feedspan,6898.06
359,Tazzy,3713.78
360,Trupe,2809.86
361,Zava,6891.86
362,Quimba,9878.11
363,Camido,7208.42
364,Ozu,2950.74
365,Myworks,9102.54
366,Topicware,7887.95
367,Divape,5908.02
368,Zooxo,4519.67
369,Browsedrive,9042.39
370,Gabcube,4122.05
371,Feedmix,4485.36
372,Realblab,6698.42
373,Npath,3442.22
374,Twitterlist,4111.76
375,Meevee,2656.98
376,Linkbuzz,6707.18
377,Tavu,5225.72
378,Tagopia,5479.53
379,Jatri,710.69
380,Browsezoom,7078.19
381,Meemm,6642.5
382,Eazzy,3071.88
383,Skilith,4753.14
384,Voolith,5642.03
385,Roombo,3236.04
386,Digitube,5091.81
387,Photospace,8417.61
388,Shufflester,9330.87
389,Youbridge,2024.02
390,Edgeify,7950.42
391,Riffwire,8851.21
392,Photolist,9331.81
393,Skinder,8385.91
394,Vinder,2494.1
395,Topicstorm,1643.34
396,Browsebug,3658.69
397,Skaboo,9517.66
398,Gigazoom,2836.69
399,Plambee,7565.45
400,Dabshots,1723.62
401,InnoZ,6470.95
402,Wordware,3340.59
403,Plambee,6031.43
404,Blogtag,4469.89
405,Brainbox,3826.08
406,Voolith,3607.99
407,Skinder,9525.5
408,Jaxbean,3980.71
409,Twitterbeat,1429.17
410,Rooxo,6813.88
411,Dabvine,6476.31
412,Livepath,5985.42
413,Youfeed,6719.33
414,Tazzy,7616.51
415,Skipstorm,945.22
416,Centidel,3676.98
417,Voonte,4788.87
418,Oyoloo,8022.22
419,Voomm,3529.88
420,Twitterbeat,3245.09
421,Flashdog,1602.59
422,Thoughtsphere,9424.85
423,Rhycero,1843.25
424,Miboo,473.05
425,Eayo,6372.78
426,Eire,8727.57
427,Edgetag,2391.98
428,Yakitri,847.05
429,Thoughtstorm,1781.24
430,Eabox,5304.87
431,Divavu,9305.88
432,Yozio,1666.03
433,Skiptube,495.62
434,Topicstorm,6032.36
435,Vinte,8522.6
436,Brainverse,7819.62
437,Yakijo,1513.76
438,Layo,1133.97
439,BlogXS,9472.17
440,Flashset,2254.5
441,Jaxspan,8894.82
442,Skiptube,554.01
443,Edgewire,9511.3
444,Oyoba,6650.78
445,Cogibox,9654.66
446,Brainverse,2938.54
447,Skilith,7632.73
448,Avamm,6150.62
449,Yacero,9938.21
450,Gabcube,8211.3
451,Leexo,2521.25
452,Aimbo,4911.56
453,Agimba,1654.57
454,Zoonder,2675.26
455,Edgeblab,4161.4
456,Youbridge,9882.46
457,Abata,6501.59
458,Skajo,4433.35
459,Yambee,3219.97
460,Jaxworks,621.57
461,Viva,9087.59
462,Nlounge,3590.93
463,Skipstorm,9797.26
464,Quatz,6366.27
465,Plambee,7710.89
466,Youspan,221.91
467,Topdrive,5034.64
468,Meejo,2654.12
469,Jatri,2466.29
470,Wikivu,2783.34
471,Brainlounge,5771.93
472,Trilith,5468.74
473,Realblab,3595.28
474,Kaymbo,7469.05
475,Devify,6172.94
476,Gabtune,4967.21
477,Trupe,4355.99
478,Yoveo,4149.25
479,Muxo,636.1
480,Eidel,6245.09
481,Aimbu,5901.56
482,Teklist,2678.97
483,Tagopia,6021.17
484,Kwimbee,9133.15
485,Skinix,3481.32
486,Nlounge,1781.47
487,Dynabox,2659.02
488,Lajo,1608.31
489,Thoughtsphere,850.98
490,Eabox,8436.42
491,Yabox,8611.58
492,JumpXS,2409.31
493,Tekfly,1698.46
494,Rhyloo,1740.65
495,Babbleset,5993.46
496,Quamba,3228.97
497,Brightdog,5817.51
498,Zoomdog,8523.23
499,Reallinks,8256.39
500,Kayveo,1863.45
501,Yodel,8295.69
502,Tagopia,1695.18
503,Thoughtbridge,8692.91
504,Jaxspan,4916.68
505,Yoveo,7367.63
506,Wordify,1261.87
507,Ooba,2851.78
508,Photolist,1150.06
509,Myworks,2756.36
510,Nlounge,6910.32
511,Skinix,5493.79
512,Gigashots,8324.48
513,Abata,1883.99
514,Gigaclub,9257.43
515,Skyndu,6557.56
516,Skiba,4623.8
517,Jaxspan,7384.07
518,Topicstorm,6423.62
519,Flashspan,7436.65
520,Realfire,6747.52
521,Brainbox,1885.48
522,Topicware,6384.84
523,Feedfish,6978.56
524,Rhyloo,5505.0
525,Feedbug,1552.11
526,Nlounge,6992.11
527,Twimbo,780.01
528,Aibox,8167.0
529,Babbleopia,8120.95
530,Devbug,5838.1
531,Pixoboo,3412.48
532,Twitterwire,5872.72
533,Ntag,2589.8
534,Demimbu,988.66
535,Jabbertype,7005.08
536,Browsebug,7194.2
537,Gabspot,7279.65
538,Jaxspan,3079.45
539,Eire,4500.1
540,Vimbo,4892.71
541,Zoombeat,4674.71
542,Chatterbridge,3349.76
543,Riffwire,1949.28
544,Livetube,9710.82
545,Riffpedia,1473.69
546,Thoughtblab,5036.83
547,Thoughtmix,8043.21
548,Kanoodle,5541.19
549,Mudo,7567.3
550,Buzzbean,4405.45
551,Feedfire,3456.01
552,Gigabox,7323.15
553,Minyx,6510.29
554,Nlounge,9634.38
555,Photobug,8526.4
556,Browsetype,2059.78
557,Quimm,8980.7
558,Meeveo,9453.11
559,Wikido,7131.34
560,Mudo,6917.28
561,Janyx,9953.97
562,Minyx,1661.94
563,Oodoo,1176.64
564,Innojam,4936.19
565,Realbridge,1316.19
566,Twimm,6534.5
567,Kamba,4428.35
568,Aimbo,5146.84
569,Gevee,7641.98
570,Blogpad,8170.11
571,Pixoboo,9581.1
572,Buzzbean,2716.4
573,Thoughtmix,9454.73
574,Photolist,2967.82
575,Aimbu,3036.13
576,Shufflebeat,4287.65
577,Devify,3135.71
578,Photospace,9766.73
579,Zoomcast,6048.61
580,Eare,8599.89
581,Zooveo,4321.35
582,Yamia,3856.73
583,Mynte,4432.98
584,Fanoodle,9114.68
585,Edgetag,4139.58
586,Zava,1754.93
587,Linklinks,6028.28
588,Photofeed,2413.11
589,Jabbersphere,5815.29
590,Dabshots,7326.8
591,Tagpad,4811.42
592,Devshare,1521.57
593,Dabfeed,4156.47
594,Skibox,7102.33
595,Wikizz,7235.61
596,Demivee,1382.67
597,Meevee,2571.72
598,Photofeed,6360.6
599,Zoombox,9751.52
600,Meezzy,4603.18
601,Gigazoom,8834.59
602,Youspan,4013.34
603,Jaxworks,5286.74
604,Realbuzz,7782.66
605,Gabspot,6490.57
606,Skidoo,6541.76
607,Yata,9113.69
608,Tazz,7713.57
609,Dynabox,3065.56
610,Abatz,416.98
611,Zoozzy,2546.65
612,Thoughtstorm,7453.4
613,Yata,3763.97
614,Trilia,938.05
615,Latz,7053.92
616,Rhycero,7429.46
617,Photobug,8109.84
618,Fivespan,3718.17
619,Avamba,4765.04
620,Abatz,824.13
621,Oodoo,408.05
622,Viva,3321.72
623,Skipstorm,5384.49
624,Gabtype,3835.19
625,Cogibox,7363.64
626,Brainbox,1775.11
627,Mynte,7222.27
628,Vidoo,5935.36
629,Linkbuzz,8276.51
630,Pixoboo,1758.43
631,Jayo,8546.64
632,Kwideo,5774.15
633,Fivebridge,5724.22
634,Mymm,6801.07
635,Wikizz,5411.68
636,Tanoodle,4856.33
637,Twitterbeat,7043.64
638,Ozu,6086.22
639,Vitz,8483.27
640,Demimbu,8970.99
641,InnoZ,5099.64
642,Podcat,9709.88
643,Topdrive,7883.29
644,Jayo,8787.34
645,Kamba,1442.43
646,Dabvine,4046.98
647,Cogibox,9245.77
648,Quatz,9779.06
649,Jabberstorm,5636.35
650,Twinder,2783.63
651,Skinix,1251.15
652,Dablist,7959.14
653,Jaxbean,9197.86
654,Dabshots,8013.07
655,Oyonder,4689.42
656,Rhyzio,8557.31
657,Eimbee,5646.97
658,Devcast,2766.05
659,Yodel,1121.18
660,Brainverse,9442.49
661,Photolist,5498.66
662,Youspan,7461.53
663,Skyble,5713.95
664,Aimbu,9538.84
665,Realmix,211.42
666,Bluejam,7246.43
667,Twinte,5065.01
668,Flashdog,8780.27
669,Zoonder,9390.05
670,Zoonoodle,1963.28
671,Tazz,2666.97
672,Topdrive,3223.98
673,Skajo,1775.71
674,Bubblebox,3882.42
675,Quimba,9460.3
676,Tavu,2004.39
677,Agivu,3115.27
678,Browseblab,3369.09
679,Avamba,5305.16
680,Realfire,8657.93
681,Tavu,5500.26
682,Abata,4992.07
683,Twinte,9414.03
684,Brainlounge,7954.18
685,Plambee,4630.52
686,Wikivu,8832.43
687,Zoonder,3514.38
688,Realfire,7361.74
689,Flashpoint,9243.2
690,Skimia,1953.3
691,Flashpoint,5984.83
692,Skinte,9172.97
693,Voolith,6262.19
694,Edgetag,4366.53
695,Buzzster,8694.16
696,Shuffletag,6099.65
697,Bubblebox,6454.49
698,Divanoodle,5748.64
699,Jazzy,7159.64
700,Buzzster,2538.49
701,Aimbo,423.72
702,Thoughtworks,5049.24
703,Einti,1022.16
704,Yozio,8612.67
705,Centidel,8628.73
706,Brainsphere,5569.59
707,Aimbo,3153.29
708,Youspan,2371.76
709,Mycat,7526.44
710,Jaxnation,1680.0
711,Yadel,1360.17
712,Aimbu,7062.0
713,Leexo,949.79
714,Meemm,5879.63
715,Zoomzone,5512.34
716,Chatterpoint,1844.94
717,Quimm,7297.85
718,Realmix,8150.03
719,Dynazzy,9478.24
720,Photojam,1151.7
721,Riffpath,4256.28
722,Lazzy,6962.02
723,Fadeo,7503.81
724,Ailane,4408.73
725,Jabberbean,1422.11
726,Bubblebox,6661.85
727,Shuffledrive,6560.44
728,Wordify,7689.83
729,Twitternation,4241.02
730,Tagfeed,7872.5
731,Realcube,6068.44
732,Innotype,3142.24
733,Nlounge,3625.73
734,Dablist,4479.91
735,Vinte,3049.73
736,Vidoo,1422.89
737,Jabbertype,9601.73
738,Ntag,5174.2
739,Viva,6221.2
740,Thoughtbeat,6580.51
741,Demivee,6158.26
742,Rhyzio,576.14
743,Jatri,9287.41
744,Voonte,8251.91
745,Dynava,8767.63
746,Eabox,6888.06
747,Linkbuzz,3864.65
748,Flashset,4923.72
749,Babbleblab,875.37
750,Tavu,2158.75
751,Meetz,5534.09
752,Zazio,4825.59
753,Skyvu,4469.8
754,Flipbug,8455.26
755,Brainlounge,1766.1
756,Oyope,1105.12
757,Jazzy,6915.12
758,Zooxo,6646.8
759,Rhyloo,6867.46
760,Photobug,7235.67
761,Brightbean,7727.67
762,Ainyx,4531.2
763,Rhynyx,6000.21
764,Trilith,5381.96
765,Twiyo,5209.99
766,Meeveo,2082.86
767,Chatterbridge,3520.65
768,Eamia,3307.0
769,Livetube,7568.8
770,Jamia,7818.58
771,Vidoo,3778.16
772,Kayveo,6740.72
773,Midel,9977.04
774,Eire,2575.48
775,Youfeed,8947.19
776,Browsezoom,3584.46
777,Zoombeat,5936.58
778,Topicstorm,5399.53
779,Realbridge,4967.74
780,Dabshots,6560.41
781,Mydeo,9059.5
782,Dynabox,4060.36
783,JumpXS,4363.16
784,Vidoo,1417.87
785,Skyble,1982.1
786,Browsedrive,3777.93
787,Blogtags,6620.24
788,Topicware,5729.93
789,Vipe,2353.56
790,Tagtune,2544.0
791,Dynabox,3025.12
792,Zoomcast,8443.31
793,Quatz,3853.78
794,Kaymbo,9162.06
795,Tazz,1733.53
796,Oyoba,9257.55
797,Devcast,5096.85
798,Quire,4808.9
799,Devbug,6464.7
800,Twiyo,8288.83
801,Skiba,6639.74
802,Feedfire,5691.15
803,Quire,6920.94
804,Photobean,3329.06
805,Divavu,4912.06
806,InnoZ,6262.25
807,Jamia,5772.72
808,Shuffledrive,6445.53
809,Divanoodle,9657.85
810,Agimba,105.75
811,Skyble,9278.35
812,Buzzbean,8267.5
813,Jetpulse,4894.53
814,Dablist,3695.99
815,Mynte,6927.28
816,Fiveclub,3454.32
817,Dynazzy,3173.19
818,Skilith,7712.24
819,Divanoodle,9137.41
820,Mymm,9107.4
821,Thoughtmix,5722.05
822,Avamm,5034.5
823,Kamba,6680.08
824,Mynte,6775.32
825,Wordtune,1904.4
826,Flipbug,9458.3
827,Eimbee,2804.17
828,Skyba,4046.56
829,Livetube,371.29
830,Fivechat,6284.15
831,Photolist,5736.89
832,Mydo,5327.07
833,Yotz,7339.96
834,Kare,9464.14
835,Feedfire,9983.39
836,Skynoodle,9289.19
837,Rhyloo,4947.3
838,Kamba,4144.65
839,Eidel,1733.89
840,Agimba,5125.8
841,Dablist,7995.1
842,Edgetag,2768.17
843,Buzzster,9763.19
844,Skipfire,1783.07
845,Buzzster,7412.79
846,Jamia,5196.73
847,Skibox,9110.68
848,Flashset,4714.98
849,Meejo,5428.4
850,Mycat,378.23
851,Zoomzone,5466.74
852,Fanoodle,5971.91
853,Minyx,9238.74
854,Gabtune,5019.62
855,Quire,4674.05
856,Divavu,1575.58
857,Leexo,7471.43
858,Muxo,4921.5
859,Oodoo,6921.74
860,Twitterworks,998.26
861,Rhycero,1484.67
862,Zoonoodle,5956.9
863,Skinder,8892.91
864,Devshare,306.56
865,Wikivu,5890.94
866,Demizz,4031.27
867,LiveZ,3821.13
868,Brainlounge,6566.79
869,Dabvine,6921.57
870,Twinder,7460.19
871,Omba,4550.64
872,Zoombeat,2368.07
873,Oyonder,7964.91
874,Brightbean,5458.53
875,Wordify,3778.27
876,Topiczoom,1172.38
877,Jayo,139.43
878,Plajo,8952.36
879,Realmix,1750.86
880,Omba,9219.6
881,Feednation,5736.73
882,Youspan,8829.3
883,Skinder,8522.0
884,Devcast,6290.62
885,Digitube,5362.33
886,Rhynyx,2559.15
887,Zoonoodle,8824.15
888,Feedfire,909.13
889,Trupe,3527.93
890,Centidel,6278.23
891,Yodo,6831.06
892,Zoombox,6778.88
893,Twinte,137.42
894,Blogtag,3195.67
895,Tagcat,2178.14
896,Jabbersphere,5314.28
897,Quinu,7808.22
898,Fivebridge,2156.7
899,Yozio,7410.58
900,Vipe,3828.97
901,Zoombeat,8270.1
902,Yacero,6543.75
903,Jetpulse,7148.53
904,Skynoodle,9335.18
905,Agimba,4933.84
906,Devbug,9367.13
907,Abatz,1771.06
908,Viva,9029.88
909,Kaymbo,2946.7
910,Wikibox,5882.18
911,Zooveo,9225.56
912,Shuffledrive,256.02
913,Skimia,6688.51
914,Oba,6070.5
915,Kayveo,9366.76
916,Thoughtstorm,1956.31
917,Twitterbridge,9666.46
918,Latz,8146.78
919,Twitterworks,1744.0
920,Yacero,8036.27
921,Yodoo,9206.16
922,Browsecat,2890.63
923,Vipe,1267.06
924,Linkbridge,2494.02
925,Jazzy,1900.78
926,Yamia,5450.39
927,DabZ,4484.37
928,Jaxworks,3511.46
929,Photolist,1910.07
930,Skibox,5740.13
931,Oyoloo,2132.6
932,Edgetag,6069.71
933,Kwinu,7849.55
934,Gigaclub,5247.37
935,Rhynyx,7635.99
936,Divanoodle,9259.02
937,Photobean,8155.93
938,Dynabox,1517.38
939,Quimba,5554.58
940,Rhynoodle,960.09
941,Skalith,2231.7
942,Edgeify,8135.88
943,Dazzlesphere,8260.79
944,Jetpulse,4299.7
945,Blogpad,4118.09
946,Voonder,1460.54
947,Voolith,2212.42
948,Chatterpoint,4252.4
949,Livetube,9345.92
950,Agivu,7454.79
951,Jayo,2368.86
952,Buzzbean,2673.06
953,Topdrive,1072.44
954,Yodoo,4446.75
955,Twitterworks,7534.15
956,Twinder,2454.83
957,Fiveclub,8756.66
958,Tambee,6144.45
959,Kwimbee,3114.07
960,Quaxo,2819.02
961,Zoomlounge,4717.21
962,Mita,9834.97
963,Eabox,3642.02
964,Yakidoo,748.6
965,Jaxworks,9612.57
966,Miboo,1152.91
967,Thoughtblab,2395.31
968,Babblestorm,5866.83
969,Mybuzz,201.26
970,Mudo,8662.62
971,Tagchat,1077.83
972,Skaboo,1935.42
973,Tekfly,9521.94
974,Eare,1082.49
975,Twitterwire,1575.52
976,Buzzdog,5941.9
977,Roombo,523.84
978,Dabvine,5036.43
979,Blogspan,9360.43
980,Divape,7891.54
981,Yacero,5252.03
982,Yakidoo,6807.1
983,Twitterlist,2154.04
984,Demimbu,4128.41
985,Fivechat,2418.08
986,Topiczoom,5391.84
987,Quaxo,3453.52
988,Aimbu,2993.68
989,Vipe,8238.19
990,Jabbercube,825.95
991,Skyvu,9364.18
992,Oodoo,7534.94
993,Demizz,5260.48
994,Pixope,5922.66
995,Edgeblab,3350.52
996,Linkbridge,3486.96
997,Linkbridge,8763.11
998,Npath,7098.56
999,Flashset,477.85
1000,Vimbo,888.33
1,Twitterbridge,5438.38
2,Kazu,4582.6
3,Vimbo,7210.3
4,Cogilith,4062.65
5,Kimia,5982.99
6,Photobug,477.66
7,Shuffletag,6677.17
8,Roodel,7151.28
9,Yodoo,8813.48
10,Gabtune,4413.81
11,Wordtune,867.36
12,Zoomzone,7739.74
13,Kwideo,4155.68
14,Voomm,8114.46
15,Meevee,2911.93
16,Thoughtsphere,9105.67
17,Eabox,4593.77
18,Wordtune,4658.15
19,Kamba,4945.17
20,Viva,9154.49
21,Yombu,7636.22
22,Blogtags,5915.25
23,Riffwire,2301.91
24,Wordpedia,4636.76
25,Dynabox,7498.79
26,Topiczoom,5408.22
27,Mydeo,8234.41
28,Jaloo,2421.91
29,Blogtags,2485.86
30,Voonder,4196.87
31,Livetube,7243.51
32,Fadeo,4694.59
33,Fivechat,1556.83
34,DabZ,3972.52
35,Eidel,2931.56
36,Eamia,5731.03
37,Quaxo,196.45
38,Innotype,6495.16
39,Gigaclub,5807.53
40,Skalith,8472.56
41,Shufflester,5835.31
42,Muxo,5006.76
43,Thoughtbridge,7692.0
44,Aibox,5760.86
45,Topiclounge,9867.0
46,Edgeify,7817.1
47,Leenti,1354.06
48,Devshare,3206.97
49,Gabcube,7982.66
50,Tagopia,6013.33
51,Wordware,2145.67
52,Eazzy,4873.91
53,Oyoyo,4439.84
54,Quire,3940.81
55,Voolia,7266.75
56,Topiclounge,1777.51
57,Jatri,9375.01
58,Skipstorm,7505.18
59,Blognation,5979.05
60,Leexo,7069.44
61,Dynazzy,9928.09
62,Voomm,9077.72
63,Kwilith,3968.6
64,Janyx,8999.17
65,Pixope,5576.75
66,Youbridge,844.06
67,Tavu,2402.13
68,Gabvine,942.69
69,Devshare,2370.17
70,Thoughtmix,1977.14
71,Livefish,4617.2
72,Mydo,4838.63
73,Brainlounge,309.57
74,Zooveo,2673.07
75,Voonix,8373.24
76,Browseblab,8516.49
77,Blogtags,2178.22
78,Thoughtmix,416.45
79,Realblab,5312.39
80,Gabspot,8249.32
81,Jabberbean,7706.27
82,Browsecat,5431.74
83,Twitterbridge,1260.02
84,Shufflester,8194.68
85,Quamba,4104.91
86,Thoughtbridge,7591.6
87,Linklinks,8472.08
88,Oodoo,6877.84
89,Edgetag,4151.67
90,Topicblab,4428.81
91,Thoughtstorm,4773.64
92,Brainlounge,6567.37
93,Livetube,6691.18
94,Twitterbridge,7548.24
95,Gabvine,9055.74
96,Oyondu,7730.21
97,Tagchat,7723.76
98,Twitterbridge,3136.79
99,Katz,7930.35
100,Mycat,7501.67
101,Linklinks,4791.69
102,Linkbuzz,4225.53
103,Youbridge,2492.59
104,Ntag,3116.89
105,Yadel,7472.31
106,Tagchat,2412.41
107,Yotz,4269.08
108,Eamia,5650.95
109,Oyondu,9363.32
110,Voolia,4433.89
111,Edgewire,5807.43
112,Snaptags,6619.82
113,Zoomcast,7771.45
114,Innotype,2584.72
115,Lazz,1779.67
116,Yakijo,7105.13
117,Jatri,851.08
118,Wordtune,672.26
119,Skippad,7421.27
120,Linkbuzz,4616.58
121,Rooxo,3113.16
122,Cogidoo,3341.66
123,Oyoyo,1577.48
124,Bubblemix,235.47
125,Kamba,2583.19
126,Oozz,7360.86
127,Topdrive,6312.14
128,Buzzster,837.7
129,Skinte,4398.86
130,Minyx,1471.23
131,Kare,8972.96
132,Skiba,224.98
133,JumpXS,912.12
134,Blogspan,1029.2
135,Browsezoom,6398.22
136,Jayo,4997.55
137,Mycat,4297.37
138,Kayveo,9061.1
139,Kare,228.99
140,Livepath,1307.39
141,Linkbridge,2864.08
142,Dabvine,8806.61
143,Dabjam,7124.14
144,Youspan,8022.08
145,Zoomcast,6879.42
146,Fivebridge,1522.56
147,Voonix,914.45
148,Yodoo,7980.71
149,Realcube,5880.73
150,Linkbridge,5828.32
151,Oyonder,7728.66
152,Voolith,8494.77
153,LiveZ,1031.44
154,Oodoo,9030.53
155,Eayo,6589.51
156,Dynava,7798.51
157,Feednation,9326.16
158,Avamba,8931.28
159,Kwilith,6160.88
160,Aivee,5113.62
161,Janyx,2880.84
162,Mydo,9456.41
163,Edgeify,4205.12
164,Fivespan,8913.88
165,Browsebug,263.57
166,Brainverse,9474.39
167,Latz,3131.64
168,Photobug,3455.43
169,Trilia,2196.55
170,Realcube,1568.76
171,Linktype,4782.1
172,Agivu,6497.27
173,Jabberstorm,4577.65
174,Npath,8547.99
175,Gigabox,3495.21
176,Oyondu,9283.57
177,Wikivu,8380.15
178,Feedbug,9163.72
179,Aimbu,4119.27
180,Feedmix,1012.98
181,Photobug,7211.1
182,Flashdog,2230.37
183,Devshare,8712.56
184,Thoughtbeat,1584.96
185,Topicware,2594.2
186,Gigaclub,3607.0
187,Midel,179.9
188,Abatz,4082.57
189,Flipbug,1967.52
190,Trunyx,1338.37
191,Yata,3299.6
192,Wordtune,4780.98
193,Thoughtsphere,8012.93
194,Brainsphere,1817.98
195,Omba,362.76
196,Dynabox,5667.99
197,Tagopia,5407.14
198,Oyoloo,2965.5
199,Aimbu,6196.91
200,Flashset,7168.03
201,Babbleblab,838.4
202,Twitterbridge,7312.39
203,Realbuzz,8312.29
204,Devpoint,9821.13
205,Camimbo,1105.99
206,LiveZ,4876.02
207,LiveZ,3512.35
208,Twinder,8998.79
209,Quaxo,2363.25
210,Rhycero,4823.75
211,Digitube,7135.54
212,Kayveo,1172.56
213,Tanoodle,8364.51
214,Gabtype,3542.9
215,Talane,5097.34
216,Fiveclub,6016.32
217,Abatz,3429.86
218,Oba,5020.28
219,Skippad,3994.87
220,Tagtune,6116.85
221,Thoughtmix,5225.7
222,Zoomzone,6216.34
223,Twimm,6149.36
224,Blogtags,6289.91
225,Mymm,2012.9
226,Zooveo,7966.32
227,Yozio,1732.41
228,Katz,175.44
229,Fanoodle,566.9
230,Trilith,3323.48
231,Rhybox,6071.67
232,Eabox,747.55
233,Roodel,7847.59
234,Quamba,4039.32
235,Voolith,9158.83
236,Zoozzy,6783.58
237,Flashspan,3799.32
238,Buzzdog,3462.98
239,Tavu,7761.45
240,Kare,6602.31
241,Skynoodle,4537.27
242,Jamia,6784.0
243,Divape,3709.31
244,Camido,8410.99
245,Zoombeat,1668.62
246,Yamia,3953.2
247,Rhyloo,4913.35
248,Zoonoodle,8505.56
249,Edgeify,6008.91
250,Camimbo,7102.35
251,Blogspan,1883.51
252,Flashset,9341.13
253,Twimbo,4829.19
254,Zoomdog,5000.26
255,Feedfish,8066.88
256,Mymm,3008.82
257,Muxo,4142.89
258,Tagopia,2226.21
259,Skidoo,7473.14
260,Feedbug,4450.33
261,Agimba,5990.16
262,Feednation,1398.89
263,Realcube,9326.77
264,Riffpedia,2002.2
265,Ntag,650.07
266,Yata,9306.77
267,Topicshots,4737.12
268,Zoombeat,3476.75
269,Voolia,3543.38
270,Twinder,465.9
271,Trudeo,316.83
272,Quinu,7334.41
273,Jaxworks,4867.41
274,Kamba,9982.68
275,Meembee,2811.25
276,Riffpath,630.45
277,Skimia,9534.46
278,Yodel,5747.22
279,Meemm,3954.68
280,Jabbersphere,5335.22
281,Skiptube,278.44
282,Skippad,5175.77
283,Ainyx,4616.11
284,Ntag,892.79
285,Zoomdog,3018.11
286,Fliptune,5929.93
287,Eamia,8070.07
288,Skynoodle,3995.28
289,Jabbersphere,5692.84
290,Gevee,8640.09
291,Avavee,8857.08
292,Layo,3462.14
293,Demimbu,6706.02
294,Zoomcast,6154.29
295,Twimbo,8368.04
296,Bluezoom,3421.7
297,Jazzy,6311.94
298,Janyx,8226.43
299,Rhycero,6579.18
300,Kimia,3987.43
301,Teklist,5112.42
302,Skaboo,7489.81
303,Edgeblab,6887.29
304,Oyoyo,7442.23
305,Dazzlesphere,4509.59
306,Blogpad,4778.11
307,LiveZ,2274.58
308,Kazu,8839.9
309,Shufflester,1340.1
310,Edgepulse,6596.69
311,Lazz,5870.44
312,Meetz,3168.16
313,Eamia,8971.31
314,Mydo,6237.1
315,Rhynoodle,4663.1
316,Divavu,6869.24
317,Mydeo,5288.97
318,Edgeblab,4798.35
319,Blogspan,944.31
320,Topicblab,2803.99
321,Devshare,3840.92
322,Flipstorm,2166.49
323,Skyba,8637.43
324,Latz,9583.96
325,Kwilith,6983.38
326,Browseblab,7452.7
327,Buzzdog,6711.65
328,Teklist,9599.68
329,Ozu,8167.42
330,Ntags,7359.32
331,Browsetype,6824.64
332,Aimbu,6422.67
333,Vinder,2522.8
334,Tavu,5671.04
335,Blogtags,3978.36
336,Youspan,5470.04
337,Youspan,3106.99
338,Janyx,3653.18
339,Kwilith,9354.51
340,Kayveo,5895.64
341,Youfeed,4552.88
342,Twinte,1570.96
343,Fivechat,5771.11
344,Aibox,8695.72
345,Quatz,2958.71
346,Rhybox,4514.1
347,Katz,7173.6
348,Devify,1722.68
349,Aimbu,2835.71
350,Chatterbridge,3073.89
351,Jetwire,1440.28
352,Jabbersphere,4143.99
353,Linklinks,8289.21
354,Realbuzz,9037.86
355,Edgepulse,2107.59
356,Bluejam,9438.55
357,Jaloo,8235.18
358,Feedspan,3668.32
359,Tazzy,5954.95
360,Trupe,4550.06
361,Zava,2923.74
362,Quimba,3997.12
363,Camido,916.86
364,Ozu,5054.35
365,Myworks,9869.18
366,Topicware,2052.36
367,Divape,1918.71
368,Zooxo,2743.01
369,Browsedrive,305.27
370,Gabcube,8625.01
371,Feedmix,1372.06
372,Realblab,1730.62
373,Npath,8533.12
374,Twitterlist,2341.89
375,Meevee,3721.24
376,Linkbuzz,6653.05
377,Tavu,3023.86
378,Tagopia,7196.59
379,Jatri,9556.44
380,Browsezoom,5682.95
381,Meemm,4643.96
382,Eazzy,8610.8
383,Skilith,5798.29
384,Voolith,4681.2
385,Roombo,3407.57
386,Digitube,2585.42
387,Photospace,9249.91
388,Shufflester,8733.96
389,Youbridge,7906.15
390,Edgeify,2156.25
391,Riffwire,7244.92
392,Photolist,5826.0
393,Skinder,1869.17
394,Vinder,6987.2
395,Topicstorm,1193.85
396,Browsebug,7200.77
397,Skaboo,5063.15
398,Gigazoom,7404.14
399,Plambee,7130.32
400,Dabshots,5711.3
401,InnoZ,9868.24
402,Wordware,2304.42
403,Plambee,7463.9
404,Blogtag,3025.9
405,Brainbox,1088.06
406,Voolith,2995.59
407,Skinder,4026.12
408,Jaxbean,5329.28
409,Twitterbeat,3341.49
410,Rooxo,7514.91
411,Dabvine,892.92
412,Livepath,1740.25
413,Youfeed,9469.32
414,Tazzy,7279.8
415,Skipstorm,3455.46
416,Centidel,9813.79
417,Voonte,1194.13
418,Oyoloo,8080.65
419,Voomm,6135.4
420,Twitterbeat,4748.49
421,Flashdog,9256.57
422,Thoughtsphere,9903.34
423,Rhycero,860.56
424,Miboo,9194.38
425,Eayo,4346.9
426,Eire,6987.24
427,Edgetag,2388.58
428,Yakitri,8284.12
429,Thoughtstorm,4328.44
430,Eabox,5857.8
431,Divavu,6748.43
432,Yozio,6526.26
433,Skiptube,6334.6
434,Topicstorm,8463.39
435,Vinte,2869.39
436,Brainverse,7401.34
437,Yakijo,2440.42
438,Layo,3587.64
439,BlogXS,4959.9
440,Flashset,5122.66
441,Jaxspan,6238.66
442,Skiptube,7371.04
443,Edgewire,2946.84
444,Oyoba,4931.1
445,Cogibox,2384.64
446,Brainverse,6485.86
447,Skilith,7552.06
448,Avamm,1483.73
449,Yacero,9238.16
450,Gabcube,1872.03
451,Leexo,542.0
452,Aimbo,7926.66
453,Agimba,4373.26
454,Zoonder,5653.15
455,Edgeblab,8768.41
456,Youbridge,6371.66
457,Abata,2693.13
458,Skajo,8757.7
459,Yambee,1888.74
460,Jaxworks,2242.21
461,Viva,2153.65
462,Nlounge,8313.97
463,Skipstorm,4470.62
464,Quatz,8006.07
465,Plambee,3008.81
466,Youspan,8345.11
467,Topdrive,6147.87
468,Meejo,1284.82
469,Jatri,436.3
470,Wikivu,130.33
471,Brainlounge,9795.96
472,Trilith,2111.52
473,Realblab,5883.22
474,Kaymbo,7307.92
475,Devify,1151.91
476,Gabtune,835.75
477,Trupe,2714.99
478,Yoveo,1347.09
479,Muxo,4342.01
480,Eidel,1020.92
481,Aimbu,5494.04
482,Teklist,7323.09
483,Tagopia,6420.24
484,Kwimbee,4303.59
485,Skinix,9708.1
486,Nlounge,1280.37
487,Dynabox,9720.27
488,Lajo,1647.95
489,Thoughtsphere,7112.42
490,Eabox,1018.15
491,Yabox,2806.35
492,JumpXS,6548.08
493,Tekfly,7667.73
494,Rhyloo,2657.71
495,Babbleset,9429.12
496,Quamba,870.58
497,Brightdog,9567.29
498,Zoomdog,4056.97
499,Reallinks,7972.8
500,Kayveo,3755.31
501,Yodel,3919.0
502,Tagopia,5375.67
503,Thoughtbridge,9401.62
504,Jaxspan,1855.95
505,Yoveo,8760.88
506,Wordify,1717.79
507,Ooba,4437.79
508,Photolist,3423.68
509,Myworks,6912.12
510,Nlounge,6490.76
511,Skinix,3988.44
512,Gigashots,7788.61
513,Abata,1446.0
514,Gigaclub,4050.47
515,Skyndu,8015.53
516,Skiba,5213.03
517,Jaxspan,6645.24
518,Topicstorm,3586.61
519,Flashspan,7998.43
520,Realfire,4214.72
521,Brainbox,7854.06
522,Topicware,8965.81
523,Feedfish,827.49
524,Rhyloo,1765.09
525,Feedbug,2329.24
526,Nlounge,3822.59
527,Twimbo,4580.06
528,Aibox,6129.12
529,Babbleopia,6733.29
530,Devbug,4118.6
531,Pixoboo,8188.36
532,Twitterwire,3914.42
533,Ntag,9814.54
534,Demimbu,7224.34
535,Jabbertype,8658.2
536,Browsebug,2466.16
537,Gabspot,500.47
538,Jaxspan,7042.36
539,Eire,8783.03
540,Vimbo,253.42
541,Zoombeat,4156.05
542,Chatterbridge,4738.41
543,Riffwire,3536.86
544,Livetube,1991.26
545,Riffpedia,304.39
546,Thoughtblab,7559.83
547,Thoughtmix,1463.06
548,Kanoodle,8573.3
549,Mudo,5351.39
550,Buzzbean,9517.02
551,Feedfire,2889.52
552,Gigabox,2855.88
553,Minyx,9762.11
554,Nlounge,508.65
555,Photobug,8235.23
556,Browsetype,3367.71
557,Quimm,9942.31
558,Meeveo,6136.75
559,Wikido,3876.55
560,Mudo,8980.76
561,Janyx,4594.57
562,Minyx,8312.71
563,Oodoo,621.84
564,Innojam,4969.43
565,Realbridge,5187.79
566,Twimm,4493.0
567,Kamba,2829.09
568,Aimbo,8264.68
569,Gevee,6856.05
570,Blogpad,4121.39
571,Pixoboo,3774.68
572,Buzzbean,8406.73
573,Thoughtmix,4775.99
574,Photolist,1888.55
575,Aimbu,7360.98
576,Shufflebeat,4118.4
577,Devify,8974.97
578,Photospace,4755.63
579,Zoomcast,7351.41
580,Eare,5639.91
581,Zooveo,4836.67
582,Yamia,6067.15
583,Mynte,5410.23
584,Fanoodle,6704.28
585,Edgetag,6274.28
586,Zava,5824.79
587,Linklinks,8760.13
588,Photofeed,6112.46
589,Jabbersphere,2262.56
590,Dabshots,9577.45
591,Tagpad,8504.55
592,Devshare,2691.61
593,Dabfeed,6415.87
594,Skibox,5508.56
595,Wikizz,129.26
596,Demivee,6338.73
597,Meevee,135.2
598,Photofeed,1335.02
599,Zoombox,3915.63
600,Meezzy,9976.54
601,Gigazoom,2144.51
602,Youspan,9536.02
603,Jaxworks,1168.74
604,Realbuzz,742.77
605,Gabspot,4266.18
606,Skidoo,2028.62
607,Yata,3290.07
608,Tazz,763.98
609,Dynabox,3972.2
610,Abatz,6129.35
611,Zoozzy,9432.54
612,Thoughtstorm,5773.51
613,Yata,7024.83
614,Trilia,9694.55
615,Latz,3503.87
616,Rhycero,6676.91
617,Photobug,3605.93
618,Fivespan,7366.22
619,Avamba,1640.37
620,Abatz,2612.84
621,Oodoo,7548.11
622,Viva,4407.75
623,Skipstorm,1212.47
624,Gabtype,9871.94
625,Cogibox,9344.79
626,Brainbox,1996.53
627,Mynte,787.9
628,Vidoo,1399.82
629,Linkbuzz,7607.83
630,Pixoboo,1790.47
631,Jayo,8043.81
632,Kwideo,6118.57
633,Fivebridge,7841.61
634,Mymm,4817.83
635,Wikizz,7711.32
636,Tanoodle,2063.22
637,Twitterbeat,8598.19
638,Ozu,1535.81
639,Vitz,2549.92
640,Demimbu,4646.31
641,InnoZ,1405.98
642,Podcat,9685.12
643,Topdrive,942.76
644,Jayo,4245.56
645,Kamba,652.18
646,Dabvine,5554.49
647,Cogibox,6073.46
648,Quatz,7850.73
649,Jabberstorm,4471.38
650,Twinder,5647.84
651,Skinix,6585.53
652,Dablist,6646.4
653,Jaxbean,332.46
654,Dabshots,5906.78
655,Oyonder,7258.98
656,Rhyzio,8463.52
657,Eimbee,9849.89
658,Devcast,3175.79
659,Yodel,9921.49
660,Brainverse,7584.59
661,Photolist,7990.52
662,Youspan,1656.61
663,Skyble,6556.41
664,Aimbu,8831.73
665,Realmix,8505.66
666,Bluejam,7744.13
667,Twinte,6556.01
668,Flashdog,6994.1
669,Zoonder,9229.95
670,Zoonoodle,2378.69
671,Tazz,7264.9
672,Topdrive,4801.96
673,Skajo,7299.72
674,Bubblebox,6751.08
675,Quimba,8851.39
676,Tavu,6582.19
677,Agivu,5133.33
678,Browseblab,9326.49
679,Avamba,7411.93
680,Realfire,2421.39
681,Tavu,7315.58
682,Abata,8517.81
683,Twinte,767.13
684,Brainlounge,9008.71
685,Plambee,1736.2
686,Wikivu,9598.76
687,Zoonder,6168.22
688,Realfire,9553.66
689,Flashpoint,9397.22
690,Skimia,1161.76
691,Flashpoint,8249.79
692,Skinte,7430.92
693,Voolith,813.98
694,Edgetag,257.69
695,Buzzster,6856.12
696,Shuffletag,1982.29
697,Bubblebox,8102.57
698,Divanoodle,295.74
699,Jazzy,123.88
700,Buzzster,3337.93
701,Aimbo,4419.84
702,Thoughtworks,2280.89
703,Einti,355.65
704,Yozio,8863.61
705,Centidel,3448.69
706,Brainsphere,8416.0
707,Aimbo,9479.05
708,Youspan,9543.18
709,Mycat,3340.74
710,Jaxnation,5214.99
711,Yadel,2367.15
712,Aimbu,189.27
713,Leexo,9037.51
714,Meemm,9664.79
715,Zoomzone,6216.24
716,Chatterpoint,7920.6
717,Quimm,6091.73
718,Realmix,2800.17
719,Dynazzy,6527.2
720,Photojam,3545.29
721,Riffpath,6733.73
722,Lazzy,5496.35
723,Fadeo,2105.18
724,Ailane,9527.16
725,Jabberbean,8179.66
726,Bubblebox,5887.74
727,Shuffledrive,3627.73
728,Wordify,1522.02
729,Twitternation,618.29
730,Tagfeed,8507.0
731,Realcube,5974.29
732,Innotype,1896.29
733,Nlounge,8949.49
734,Dablist,8824.9
735,Vinte,1235.95
736,Vidoo,1135.41
737,Jabbertype,1954.03
738,Ntag,6073.2
739,Viva,1738.51
740,Thoughtbeat,4779.79
741,Demivee,1846.98
742,Rhyzio,3404.25
743,Jatri,4318.93
744,Voonte,6210.96
745,Dynava,1122.04
746,Eabox,5623.66
747,Linkbuzz,4527.18
748,Flashset,7316.83
749,Babbleblab,5802.49
750,Tavu,4860.51
751,Meetz,850.37
752,Zazio,2026.34
753,Skyvu,9958.34
754,Flipbug,6897.03
755,Brainlounge,1358.08
756,Oyope,9937.99
757,Jazzy,5900.54
758,Zooxo,3670.92
759,Rhyloo,8348.92
760,Photobug,5873.55
761,Brightbean,8655.95
762,Ainyx,8081.29
763,Rhynyx,4123.57
764,Trilith,8675.02
765,Twiyo,9226.64
766,Meeveo,7565.84
767,Chatterbridge,4162.83
768,Eamia,6923.41
769,Livetube,5952.92
770,Jamia,6965.53
771,Vidoo,728.01
772,Kayveo,210.6
773,Midel,2827.74
774,Eire,3486.45
775,Youfeed,9688.48
776,Browsezoom,5343.74
777,Zoombeat,8101.66
778,Topicstorm,5053.5
779,Realbridge,209.38
780,Dabshots,7383.75
781,Mydeo,7069.47
782,Dynabox,7803.27
783,JumpXS,3884.26
784,Vidoo,9023.22
785,Skyble,8292.32
786,Browsedrive,2359.11
787,Blogtags,3919.82
788,Topicware,1792.42
789,Vipe,1102.98
790,Tagtune,2918.45
791,Dynabox,985.65
792,Zoomcast,9652.81
793,Quatz,133.83
794,Kaymbo,850.5
795,Tazz,3285.23
796,Oyoba,4142.45
797,Devcast,8367.72
798,Quire,9581.58
799,Devbug,7040.45
800,Twiyo,5233.75
801,Skiba,4515.61
802,Feedfire,5828.08
803,Quire,4108.35
804,Photobean,8914.2
805,Divavu,7273.14
806,InnoZ,6587.78
807,Jamia,459.15
808,Shuffledrive,6741.46
809,Divanoodle,1766.4
810,Agimba,2106.61
811,Skyble,1500.48
812,Buzzbean,2218.86
813,Jetpulse,9359.01
814,Dablist,1826.76
815,Mynte,6789.75
816,Fiveclub,6644.24
817,Dynazzy,2641.51
818,Skilith,1893.85
819,Divanoodle,4097.44
820,Mymm,2016.99
821,Thoughtmix,7029.83
822,Avamm,9309.74
823,Kamba,9526.07
824,Mynte,8083.24
825,Wordtune,7447.84
826,Flipbug,8398.86
827,Eimbee,2700.03
828,Skyba,7480.84
829,Livetube,1834.98
830,Fivechat,8299.16
831,Photolist,5865.18
832,Mydo,5210.26
833,Yotz,8947.62
834,Kare,1857.59
835,Feedfire,3861.61
836,Skynoodle,5474.25
837,Rhyloo,3979.4
838,Kamba,7758.58
839,Eidel,7223.25
840,Agimba,3255.55
841,Dablist,7903.38
842,Edgetag,8795.07
843,Buzzster,9164.0
844,Skipfire,7513.68
845,Buzzster,9769.05
846,Jamia,322.39
847,Skibox,9205.31
848,Flashset,2552.17
849,Meejo,8073.54
850,Mycat,7323.1
851,Zoomzone,2753.99
852,Fanoodle,1181.38
853,Minyx,6579.65
854,Gabtune,8660.15
855,Quire,7787.82
856,Divavu,3172.62
857,Leexo,4213.43
858,Muxo,6487.15
859,Oodoo,8449.79
860,Twitterworks,844.75
861,Rhycero,634.18
862,Zoonoodle,8145.3
863,Skinder,9678.15
864,Devshare,9038.9
865,Wikivu,5649.2
866,Demizz,7204.49
867,LiveZ,2416.5
868,Brainlounge,2857.74
869,Dabvine,4629.7
870,Twinder,6694.23
871,Omba,9392.21
872,Zoombeat,3814.5
873,Oyonder,5276.77
874,Brightbean,131.28
875,Wordify,9271.26
876,Topiczoom,3798.96
877,Jayo,8208.73
878,Plajo,7917.89
879,Realmix,7289.54
880,Omba,5717.98
881,Feednation,499.97
882,Youspan,4190.56
883,Skinder,9255.35
884,Devcast,4758.3
885,Digitube,5733.8
886,Rhynyx,9777.48
887,Zoonoodle,3209.78
888,Feedfire,129.08
889,Trupe,4253.69
890,Centidel,6175.18
891,Yodo,2465.71
892,Zoombox,9503.42
893,Twinte,8338.99
894,Blogtag,4339.79
895,Tagcat,3466.06
896,Jabbersphere,9296.96
897,Quinu,3497.96
898,Fivebridge,7784.83
899,Yozio,4973.67
900,Vipe,9048.67
901,Zoombeat,9195.02
902,Yacero,8455.54
903,Jetpulse,1284.46
904,Skynoodle,5884.09
905,Agimba,5359.53
906,Devbug,8292.8
907,Abatz,2479.11
908,Viva,1878.78
909,Kaymbo,5520.07
910,Wikibox,6483.9
911,Zooveo,1050.73
912,Shuffledrive,4486.31
913,Skimia,6521.01
914,Oba,1820.75
915,Kayveo,8983.16
916,Thoughtstorm,2867.6
917,Twitterbridge,8627.11
918,Latz,1014.91
919,Twitterworks,7752.04
920,Yacero,1975.85
921,Yodoo,6982.26
922,Browsecat,4926.17
923,Vipe,8298.15
924,Linkbridge,6978.35
925,Jazzy,3843.92
926,Yamia,3424.21
927,DabZ,5193.5
928,Jaxworks,3885.09
929,Photolist,3745.12
930,Skibox,4339.89
931,Oyoloo,2571.49
932,Edgetag,7986.95
933,Kwinu,1690.68
934,Gigaclub,6441.58
935,Rhynyx,5392.2
936,Divanoodle,7609.1
937,Photobean,5773.46
938,Dynabox,9693.65
939,Quimba,8071.4
940,Rhynoodle,3085.91
941,Skalith,7483.73
942,Edgeify,8677.78
943,Dazzlesphere,1464.95
944,Jetpulse,208.54
945,Blogpad,6922.2
946,Voonder,4509.35
947,Voolith,7026.73
948,Chatterpoint,2749.95
949,Livetube,7144.98
950,Agivu,4845.78
951,Jayo,5535.84
952,Buzzbean,2563.59
953,Topdrive,3320.66
954,Yodoo,2064.41
955,Twitterworks,117.26
956,Twinder,3574.12
957,Fiveclub,8107.04
958,Tambee,447.75
959,Kwimbee,6699.64
960,Quaxo,4498.43
961,Zoomlounge,8213.25
962,Mita,5904.27
963,Eabox,7603.15
964,Yakidoo,9579.68
965,Jaxworks,6195.53
966,Miboo,4509.54
967,Thoughtblab,5814.23
968,Babblestorm,773.1
969,Mybuzz,8112.2
970,Mudo,8573.41
971,Tagchat,4424.87
972,Skaboo,4813.09
973,Tekfly,6791.91
974,Eare,1206.94
975,Twitterwire,4190.88
976,Buzzdog,6399.47
977,Roombo,5625.59
978,Dabvine,5185.21
979,Blogspan,2217.25
980,Divape,1975.41
981,Yacero,3842.37
982,Yakidoo,3195.48
983,Twitterlist,8860.42
984,Demimbu,4583.27
985,Fivechat,8252.3
986,Topiczoom,9269.27
987,Quaxo,4022.71
988,Aimbu,8919.92
989,Vipe,5127.79
990,Jabbercube,8496.83
991,Skyvu,6712.23
992,Oodoo,6300.08
993,Demizz,6312.18
994,Pixope,2822.88
995,Edgeblab,2276.75
996,Linkbridge,8173.48
997,Linkbridge,8531.72
998,Npath,7489.63
999,Flashset,7138.21
1000,Vimbo,5942.93
1,Twitterbridge,8467.05
2,Kazu,5818.02
3,Vimbo,423.68
4,Cogilith,1492.58
5,Kimia,9524.05
6,Photobug,1097.62
7,Shuffletag,5089.12
8,Roodel,4618.68
9,Yodoo,5703.2
10,Gabtune,7334.14
11,Wordtune,4945.7
12,Zoomzone,7160.62
13,Kwideo,6455.65
14,Voomm,4505.5
15,Meevee,8595.18
16,Thoughtsphere,3360.47
17,Eabox,3556.24
18,Wordtune,8055.89
19,Kamba,1469.23
20,Viva,6323.82
21,Yombu,8180.15
22,Blogtags,7532.15
23,Riffwire,9104.36
24,Wordpedia,8600.97
25,Dynabox,3995.21
26,Topiczoom,4052.28
27,Mydeo,7179.35
28,Jaloo,2349.86
29,Blogtags,2442.72
30,Voonder,7157.76
31,Livetube,2646.29
32,Fadeo,8194.5
33,Fivechat,5684.62
34,DabZ,2491.2
35,Eidel,6042.77
36,Eamia,1325.27
37,Quaxo,3595.94
38,Innotype,9094.04
39,Gigaclub,7058.71
40,Skalith,9103.55
41,Shufflester,5197.12
42,Muxo,4792.62
43,Thoughtbridge,6532.14
44,Aibox,692.74
45,Topiclounge,4344.69
46,Edgeify,6822.15
47,Leenti,5221.88
48,Devshare,3964.24
49,Gabcube,551.96
50,Tagopia,6901.0
51,Wordware,1939.49
52,Eazzy,8248.61
53,Oyoyo,406.59
54,Quire,5088.65
55,Voolia,5701.17
56,Topiclounge,9718.08
57,Jatri,9916.0
58,Skipstorm,1675.49
59,Blognation,1306.81
60,Leexo,6573.61
61,Dynazzy,6536.56
62,Voomm,265.01
63,Kwilith,4712.23
64,Janyx,7368.48
65,Pixope,8611.54
66,Youbridge,3414.28
67,Tavu,6905.37
68,Gabvine,155.86
69,Devshare,5292.34
70,Thoughtmix,2897.04
71,Livefish,2006.4
72,Mydo,853.09
73,Brainlounge,9690.4
74,Zooveo,6013.11
75,Voonix,2795.45
76,Browseblab,5874.01
77,Blogtags,9980.55
78,Thoughtmix,5440.43
79,Realblab,7125.03
80,Gabspot,5967.3
81,Jabberbean,6847.3
82,Browsecat,6616.35
83,Twitterbridge,3725.93
84,Shufflester,5282.68
85,Quamba,177.62
86,Thoughtbridge,6215.53
87,Linklinks,6401.98
88,Oodoo,8970.96
89,Edgetag,6739.31
90,Topicblab,837.88
91,Thoughtstorm,5886.88
92,Brainlounge,9056.65
93,Livetube,6025.36
94,Twitterbridge,9732.61
95,Gabvine,3378.28
96,Oyondu,3488.92
97,Tagchat,8147.25
98,Twitterbridge,1638.67
99,Katz,3221.45
100,Mycat,4397.34
101,Linklinks,9870.04
102,Linkbuzz,3553.21
103,Youbridge,1976.5
104,Ntag,6702.07
105,Yadel,3283.85
106,Tagchat,2947.66
107,Yotz,6404.39
108,Eamia,8450.25
109,Oyondu,2940.15
110,Voolia,1289.96
111,Edgewire,3430.37
112,Snaptags,6053.31
113,Zoomcast,8223.83
114,Innotype,8107.23
115,Lazz,5071.35
116,Yakijo,1715.11
117,Jatri,8112.38
118,Wordtune,6934.68
119,Skippad,820.3
120,Linkbuzz,1058.08
121,Rooxo,3017.02
122,Cogidoo,7137.98
123,Oyoyo,2246.62
124,Bubblemix,3415.68
125,Kamba,2051.49
126,Oozz,8123.85
127,Topdrive,2822.44
128,Buzzster,1480.06
129,Skinte,1962.24
130,Minyx,1367.8
131,Kare,9316.78
132,Skiba,3678.25
133,JumpXS,4080.16
134,Blogspan,2090.44
135,Browsezoom,9472.83
136,Jayo,3479.47
137,Mycat,4964.59
138,Kayveo,4917.92
139,Kare,2948.16
140,Livepath,9280.47
141,Linkbridge,6684.72
142,Dabvine,2611.82
143,Dabjam,1250.26
144,Youspan,1138.1
145,Zoomcast,5436.09
146,Fivebridge,8165.17
147,Voonix,4250.89
148,Yodoo,1408.83
149,Realcube,3236.57
150,Linkbridge,4164.89
151,Oyonder,4128.04
152,Voolith,276.8
153,LiveZ,1926.43
154,Oodoo,2861.57
155,Eayo,731.08
156,Dynava,4954.08
157,Feednation,9963.36
158,Avamba,5958.21
159,Kwilith,815.92
160,Aivee,6096.68
161,Janyx,2530.05
162,Mydo,9694.53
163,Edgeify,3748.44
164,Fivespan,8353.27
165,Browsebug,3131.34
166,Brainverse,1974.64
167,Latz,4241.2
168,Photobug,5917.17
169,Trilia,1835.08
170,Realcube,410.35
171,Linktype,8859.73
172,Agivu,9430.03
173,Jabberstorm,2058.64
174,Npath,5334.81
175,Gigabox,4594.22
176,Oyondu,4961.76
177,Wikivu,9085.16
178,Feedbug,752.56
179,Aimbu,779.65
180,Feedmix,8035.49
181,Photobug,5210.11
182,Flashdog,4117.17
183,Devshare,1183.66
184,Thoughtbeat,7633.72
185,Topicware,6577.64
186,Gigaclub,7779.58
187,Midel,799.17
188,Abatz,7741.35
189,Flipbug,4961.74
190,Trunyx,2491.23
191,Yata,2694.12
192,Wordtune,8992.15
193,Thoughtsphere,5848.11
194,Brainsphere,1620.32
195,Omba,4176.64
196,Dynabox,6617.5
197,Tagopia,5194.39
198,Oyoloo,1845.03
199,Aimbu,5821.65
200,Flashset,870.63
201,Babbleblab,7395.43
202,Twitterbridge,8864.57
203,Realbuzz,6119.2
204,Devpoint,1645.14
205,Camimbo,4822.15
206,LiveZ,2764.15
207,LiveZ,7980.66
208,Twinder,9237.79
209,Quaxo,4297.85
210,Rhycero,1858.45
211,Digitube,8496.99
212,Kayveo,6307.5
213,Tanoodle,5588.31
214,Gabtype,9380.7
215,Talane,6600.82
216,Fiveclub,6110.15
217,Abatz,2110.62
218,Oba,3789.1
219,Skippad,3458.92
220,Tagtune,221.97
221,Thoughtmix,2237.85
222,Zoomzone,2551.06
223,Twimm,2452.87
224,Blogtags,8399.04
225,Mymm,3143.2
226,Zooveo,1765.75
227,Yozio,2121.21
228,Katz,4180.35
229,Fanoodle,1606.74
230,Trilith,505.17
231,Rhybox,3592.32
232,Eabox,9717.51
233,Roodel,5871.03
234,Quamba,2091.94
235,Voolith,3004.42
236,Zoozzy,3489.36
237,Flashspan,5909.12
238,Buzzdog,1831.61
239,Tavu,6068.11
240,Kare,1889.13
241,Skynoodle,2905.11
242,Jamia,9146.43
243,Divape,9382.79
244,Camido,6473.53
245,Zoombeat,3686.18
246,Yamia,580.21
247,Rhyloo,3394.08
248,Zoonoodle,5536.51
249,Edgeify,1682.59
250,Camimbo,2070.62
251,Blogspan,989.79
252,Flashset,3160.56
253,Twimbo,2920.54
254,Zoomdog,8526.84
255,Feedfish,1966.72
256,Mymm,9673.35
257,Muxo,4729.46
258,Tagopia,2980.71
259,Skidoo,8232.02
260,Feedbug,3590.87
261,Agimba,6194.11
262,Feednation,8731.31
263,Realcube,1029.0
264,Riffpedia,5260.01
265,Ntag,8221.75
266,Yata,5336.36
267,Topicshots,5648.87
268,Zoombeat,6511.52
269,Voolia,5933.71
270,Twinder,7090.0
271,Trudeo,2854.95
272,Quinu,9745.22
273,Jaxworks,2113.5
274,Kamba,2926.8
275,Meembee,7862.67
276,Riffpath,3348.87
277,Skimia,820.65
278,Yodel,3585.65
279,Meemm,6693.65
280,Jabbersphere,4532.63
281,Skiptube,6570.78
282,Skippad,8661.81
283,Ainyx,8626.15
284,Ntag,8119.34
285,Zoomdog,3485.02
286,Fliptune,4060.65
287,Eamia,4089.75
288,Skynoodle,5296.69
289,Jabbersphere,6715.79
290,Gevee,5834.8
291,Avavee,9777.57
292,Layo,6466.45
293,Demimbu,8414.32
294,Zoomcast,6082.48
295,Twimbo,9936.28
296,Bluezoom,5206.58
297,Jazzy,2959.21
298,Janyx,6526.09
299,Rhycero,1424.45
300,Kimia,995.37
301,Teklist,3275.39
302,Skaboo,3994.77
303,Edgeblab,3368.37
304,Oyoyo,3574.58
305,Dazzlesphere,6533.5
306,Blogpad,2860.55
307,LiveZ,8398.8
308,Kazu,9262.99
309,Shufflester,2633.17
310,Edgepulse,4161.58
311,Lazz,9724.7
312,Meetz,4422.15
313,Eamia,7834.0
314,Mydo,4903.84
315,Rhynoodle,8743.41
316,Divavu,8297.48
317,Mydeo,160.39
318,Edgeblab,7625.09
319,Blogspan,1361.37
320,Topicblab,9706.91
321,Devshare,7008.96
322,Flipstorm,2798.05
323,Skyba,5193.36
324,Latz,4286.3
325,Kwilith,167.32
326,Browseblab,6946.26
327,Buzzdog,6991.96
328,Teklist,2483.36
329,Ozu,8984.0
330,Ntags,9661.72
331,Browsetype,3765.42
332,Aimbu,5728.6
333,Vinder,4162.9
334,Tavu,9954.86
335,Blogtags,4112.9
336,Youspan,9639.04
337,Youspan,3616.54
338,Janyx,8149.28
339,Kwilith,436.87
340,Kayveo,9302.22
341,Youfeed,1253.9
342,Twinte,5211.72
343,Fivechat,8445.5
344,Aibox,7841.05
345,Quatz,8312.44
346,Rhybox,1462.65
347,Katz,6723.98
348,Devify,3719.6
349,Aimbu,6582.31
350,Chatterbridge,5257.65
351,Jetwire,246.68
352,Jabbersphere,3390.91
353,Linklinks,6872.47
354,Realbuzz,8146.2
355,Edgepulse,5034.76
356,Bluejam,8020.01
357,Jaloo,2827.89
358,Feedspan,7336.13
359,Tazzy,126.02
360,Trupe,5996.53
361,Zava,3474.73
362,Quimba,8118.52
363,Camido,4224.36
364,Ozu,2543.36
365,Myworks,1194.27
366,Topicware,5994.69
367,Divape,1849.1
368,Zooxo,6763.95
369,Browsedrive,8327.41
370,Gabcube,8078.6
371,Feedmix,1105.09
372,Realblab,7099.32
373,Npath,7406.41
374,Twitterlist,5158.13
375,Meevee,678.25
376,Linkbuzz,1425.96
377,Tavu,6757.74
378,Tagopia,2079.26
379,Jatri,4050.0
380,Browsezoom,6609.53
381,Meemm,6475.43
382,Eazzy,6172.68
383,Skilith,4897.07
384,Voolith,5740.02
385,Roombo,9945.01
386,Digitube,6106.81
387,Photospace,7335.39
388,Shufflester,3673.86
389,Youbridge,7569.51
390,Edgeify,6616.51
391,Riffwire,782.72
392,Photolist,408.26
393,Skinder,9374.71
394,Vinder,3787.94
395,Topicstorm,8542.35
396,Browsebug,7503.43
397,Skaboo,6375.76
398,Gigazoom,4333.33
399,Plambee,1930.98
400,Dabshots,4167.53
401,InnoZ,5221.52
402,Wordware,7852.0
403,Plambee,2987.68
404,Blogtag,6344.68
405,Brainbox,7165.2
406,Voolith,7669.54
407,Skinder,7178.5
408,Jaxbean,8836.32
409,Twitterbeat,1666.19
410,Rooxo,7166.07
411,Dabvine,3926.61
412,Livepath,3546.26
413,Youfeed,484.52
414,Tazzy,4658.33
415,Skipstorm,4804.78
416,Centidel,5828.27
417,Voonte,4143.78
418,Oyoloo,794.02
419,Voomm,9752.16
420,Twitterbeat,2565.88
421,Flashdog,4540.27
422,Thoughtsphere,1063.57
423,Rhycero,2582.84
424,Miboo,5143.5
425,Eayo,4604.47
426,Eire,6214.77
427,Edgetag,6043.86
428,Yakitri,8686.69
429,Thoughtstorm,5525.14
430,Eabox,6251.42
431,Divavu,5869.3
432,Yozio,6813.92
433,Skiptube,9082.65
434,Topicstorm,2171.75
435,Vinte,3131.93
436,Brainverse,1934.82
437,Yakijo,7512.95
438,Layo,4685.85
439,BlogXS,9357.86
440,Flashset,3530.25
441,Jaxspan,1161.27
442,Skiptube,9261.22
443,Edgewire,6482.37
444,Oyoba,2230.31
445,Cogibox,6627.19
446,Brainverse,8501.32
447,Skilith,8763.32
448,Avamm,8297.46
449,Yacero,4739.51
450,Gabcube,3739.19
451,Leexo,7070.68
452,Aimbo,8706.31
453,Agimba,4937.35
454,Zoonder,5979.78
455,Edgeblab,7033.28
456,Youbridge,5644.0
457,Abata,5137.73
458,Skajo,6762.45
459,Yambee,4757.49
460,Jaxworks,5762.01
461,Viva,5402.37
462,Nlounge,5654.13
463,Skipstorm,2529.14
464,Quatz,2667.26
465,Plambee,9335.06
466,Youspan,935.72
467,Topdrive,1908.48
468,Meejo,1460.45
469,Jatri,1595.36
470,Wikivu,690.76
471,Brainlounge,9568.35
472,Trilith,7093.66
473,Realblab,9809.09
474,Kaymbo,575.56
475,Devify,8399.67
476,Gabtune,5507.17
477,Trupe,2589.68
478,Yoveo,9390.45
479,Muxo,6447.11
480,Eidel,1109.9
481,Aimbu,9414.95
482,Teklist,4290.28
483,Tagopia,8220.12
484,Kwimbee,2534.64
485,Skinix,3620.81
486,Nlounge,107.82
487,Dynabox,231.43
488,Lajo,5079.19
489,Thoughtsphere,9941.68
490,Eabox,8202.04
491,Yabox,6747.43
492,JumpXS,6112.26
493,Tekfly,8652.5
494,Rhyloo,1822.08
495,Babbleset,8515.76
496,Quamba,1359.39
497,Brightdog,2746.28
498,Zoomdog,3908.22
499,Reallinks,8698.72
500,Kayveo,9432.86
501,Yodel,9775.15
502,Tagopia,3165.61
503,Thoughtbridge,1979.78
504,Jaxspan,1179.3
505,Yoveo,5122.86
506,Wordify,8752.7
507,Ooba,7790.92
508,Photolist,9779.92
509,Myworks,2013.36
510,Nlounge,9860.84
511,Skinix,9137.94
512,Gigashots,2441.66
513,Abata,722.48
514,Gigaclub,923.38
515,Skyndu,5210.73
516,Skiba,2140.24
517,Jaxspan,7483.39
518,Topicstorm,5661.77
519,Flashspan,6204.85
520,Realfire,7357.21
521,Brainbox,5496.64
522,Topicware,6152.53
523,Feedfish,7354.28
524,Rhyloo,7689.0
525,Feedbug,8767.71
526,Nlounge,6786.33
527,Twimbo,3916.83
528,Aibox,3440.69
529,Babbleopia,7552.07
530,Devbug,8155.73
531,Pixoboo,9504.49
532,Twitterwire,5766.59
533,Ntag,9131.72
534,Demimbu,7375.2
535,Jabbertype,6436.04
536,Browsebug,6664.61
537,Gabspot,4667.13
538,Jaxspan,3725.58
539,Eire,2255.36
540,Vimbo,1655.03
541,Zoombeat,9449.74
542,Chatterbridge,8687.84
543,Riffwire,4824.11
544,Livetube,5138.4
545,Riffpedia,5422.1
546,Thoughtblab,3711.12
547,Thoughtmix,2785.23
548,Kanoodle,7594.47
549,Mudo,3519.61
550,Buzzbean,6934.09
551,Feedfire,1764.35
552,Gigabox,9880.46
553,Minyx,8401.94
554,Nlounge,6960.71
555,Photobug,3224.93
556,Browsetype,2201.36
557,Quimm,9177.63
558,Meeveo,7580.64
559,Wikido,4555.43
560,Mudo,4088.91
561,Janyx,4110.74
562,Minyx,6317.66
563,Oodoo,8142.82
564,Innojam,3108.04
565,Realbridge,2307.86
566,Twimm,5288.33
567,Kamba,8634.61
568,Aimbo,5211.96
569,Gevee,4720.76
570,Blogpad,3241.02
571,Pixoboo,9635.88
572,Buzzbean,9930.12
573,Thoughtmix,5947.18
574,Photolist,9556.54
575,Aimbu,3716.17
576,Shufflebeat,4790.3
577,Devify,6025.9
578,Photospace,1395.25
579,Zoomcast,7544.43
580,Eare,7604.75
581,Zooveo,6758.74
582,Yamia,8835.01
583,Mynte,6136.55
584,Fanoodle,5823.03
585,Edgetag,4471.88
586,Zava,6490.44
587,Linklinks,1495.44
588,Photofeed,1924.87
589,Jabbersphere,7035.23
590,Dabshots,8205.58
591,Tagpad,7907.52
592,Devshare,2170.63
593,Dabfeed,2887.21
594,Skibox,9680.78
595,Wikizz,3861.33
596,Demivee,343.66
597,Meevee,4221.51
598,Photofeed,5257.46
599,Zoombox,5425.7
600,Meezzy,9458.67
601,Gigazoom,3755.16
602,Youspan,9279.1
603,Jaxworks,332.17
604,Realbuzz,4657.3
605,Gabspot,3243.94
606,Skidoo,7915.51
607,Yata,5823.0
608,Tazz,3859.55
609,Dynabox,703.98
610,Abatz,2943.28
611,Zoozzy,9616.59
612,Thoughtstorm,5709.6
613,Yata,5940.8
614,Trilia,7691.34
615,Latz,3207.03
616,Rhycero,4531.51
617,Photobug,9255.19
618,Fivespan,6939.19
619,Avamba,6010.41
620,Abatz,5217.18
621,Oodoo,1409.65
622,Viva,8505.8
623,Skipstorm,5118.29
624,Gabtype,6848.54
625,Cogibox,373.19
626,Brainbox,5743.35
627,Mynte,3986.27
628,Vidoo,4454.52
629,Linkbuzz,8299.6
630,Pixoboo,9037.92
631,Jayo,8194.96
632,Kwideo,3919.15
633,Fivebridge,4673.3
634,Mymm,2684.02
635,Wikizz,225.34
636,Tanoodle,9416.02
637,Twitterbeat,274.44
638,Ozu,9474.43
639,Vitz,3064.79
640,Demimbu,1346.3
641,InnoZ,6128.06
642,Podcat,4736.18
643,Topdrive,864.98
644,Jayo,9687.79
645,Kamba,5906.19
646,Dabvine,4806.17
647,Cogibox,8506.98
648,Quatz,8127.12
649,Jabberstorm,8066.21
650,Twinder,9758.63
651,Skinix,1034.97
652,Dablist,7290.66
653,Jaxbean,5572.72
654,Dabshots,8055.78
655,Oyonder,4435.1
656,Rhyzio,6584.06
657,Eimbee,1247.28
658,Devcast,4568.03
659,Yodel,7733.4
660,Brainverse,8066.18
661,Photolist,6542.21
662,Youspan,7755.69
663,Skyble,7564.06
664,Aimbu,4776.81
665,Realmix,1472.7
666,Bluejam,798.31
667,Twinte,7406.32
668,Flashdog,4372.18
669,Zoonder,9929.87
670,Zoonoodle,9068.75
671,Tazz,991.15
672,Topdrive,2693.14
673,Skajo,2365.24
674,Bubblebox,1023.94
675,Quimba,6212.85
676,Tavu,2630.07
677,Agivu,8564.03
678,Browseblab,3059.95
679,Avamba,5301.9
680,Realfire,3627.32
681,Tavu,4495.81
682,Abata,8282.04
683,Twinte,3307.68
684,Brainlounge,7155.72
685,Plambee,9315.56
686,Wikivu,5826.5
687,Zoonder,4424.61
688,Realfire,5582.74
689,Flashpoint,7044.47
690,Skimia,8717.12
691,Flashpoint,9433.08
692,Skinte,2668.13
693,Voolith,7602.84
694,Edgetag,1673.6
695,Buzzster,5438.99
696,Shuffletag,609.69
697,Bubblebox,3661.58
698,Divanoodle,3218.22
699,Jazzy,9692.81
700,Buzzster,286.8
701,Aimbo,2334.25
702,Thoughtworks,2700.43
703,Einti,2424.68
704,Yozio,4774.0
705,Centidel,6060.53
706,Brainsphere,5145.88
707,Aimbo,347.46
708,Youspan,3613.25
709,Mycat,8259.44
710,Jaxnation,6261.81
711,Yadel,2706.91
712,Aimbu,3404.41
713,Leexo,2526.14
714,Meemm,8757.19
715,Zoomzone,5384.26
716,Chatterpoint,9816.35
717,Quimm,340.19
718,Realmix,2464.46
719,Dynazzy,6907.47
720,Photojam,8593.51
721,Riffpath,2795.0
722,Lazzy,9937.13
723,Fadeo,2821.5
724,Ailane,8909.99
725,Jabberbean,245.17
726,Bubblebox,9020.46
727,Shuffledrive,1319.93
728,Wordify,9672.11
729,Twitternation,3176.08
730,Tagfeed,255.85
731,Realcube,9997.08
732,Innotype,2793.58
733,Nlounge,5176.64
734,Dablist,838.38
735,Vinte,1654.52
736,Vidoo,555.09
737,Jabbertype,4079.1
738,Ntag,5169.21
739,Viva,9216.02
740,Thoughtbeat,1895.6
741,Demivee,1868.01
742,Rhyzio,5310.77
743,Jatri,4769.3
744,Voonte,4538.87
745,Dynava,4324.01
746,Eabox,5497.38
747,Linkbuzz,6582.8
748,Flashset,9804.04
749,Babbleblab,6531.59
750,Tavu,3181.93
751,Meetz,2222.56
752,Zazio,1408.9
753,Skyvu,8376.22
754,Flipbug,2968.56
755,Brainlounge,4894.28
756,Oyope,8791.67
757,Jazzy,4201.79
758,Zooxo,6162.64
759,Rhyloo,4630.41
760,Photobug,9700.93
761,Brightbean,1056.6
762,Ainyx,9074.69
763,Rhynyx,1226.93
764,Trilith,8579.72
765,Twiyo,5157.39
766,Meeveo,6826.96
767,Chatterbridge,514.71
768,Eamia,2336.68
769,Livetube,6532.21
770,Jamia,3817.82
771,Vidoo,5380.43
772,Kayveo,7349.11
773,Midel,6370.0
774,Eire,2911.6
775,Youfeed,4234.22
776,Browsezoom,2488.97
777,Zoombeat,2009.26
778,Topicstorm,9519.4
779,Realbridge,8899.54
780,Dabshots,1060.52
781,Mydeo,9630.87
782,Dynabox,8243.76
783,JumpXS,5130.72
784,Vidoo,8693.84
785,Skyble,5288.71
786,Browsedrive,6155.5
787,Blogtags,1975.59
788,Topicware,3601.02
789,Vipe,6779.65
790,Tagtune,8869.96
791,Dynabox,108.36
792,Zoomcast,3529.33
793,Quatz,2767.14
794,Kaymbo,2041.0
795,Tazz,9152.49
796,Oyoba,7393.39
797,Devcast,2843.13
798,Quire,6977.53
799,Devbug,8812.87
800,Twiyo,3927.86
801,Skiba,7478.26
802,Feedfire,1823.3
803,Quire,2156.34
804,Photobean,5960.99
805,Divavu,7047.93
806,InnoZ,1828.57
807,Jamia,130.26
808,Shuffledrive,5341.07
809,Divanoodle,1827.16
810,Agimba,8974.4
811,Skyble,5953.04
812,Buzzbean,5636.39
813,Jetpulse,4525.41
814,Dablist,5050.23
815,Mynte,2257.03
816,Fiveclub,8113.36
817,Dynazzy,3240.13
818,Skilith,1249.57
819,Divanoodle,9565.39
820,Mymm,5383.32
821,Thoughtmix,6668.92
822,Avamm,4735.66
823,Kamba,6912.87
824,Mynte,3759.28
825,Wordtune,102.77
826,Flipbug,7278.29
827,Eimbee,1610.68
828,Skyba,4921.88
829,Livetube,2105.66
830,Fivechat,5551.38
831,Photolist,3243.71
832,Mydo,8401.32
833,Yotz,1332.42
834,Kare,1655.59
835,Feedfire,390.47
836,Skynoodle,741.06
837,Rhyloo,6423.63
838,Kamba,2904.29
839,Eidel,3532.7
840,Agimba,684.03
841,Dablist,4421.58
842,Edgetag,1108.06
843,Buzzster,3471.52
844,Skipfire,4346.41
845,Buzzster,6249.59
846,Jamia,181.79
847,Skibox,9883.66
848,Flashset,6357.46
849,Meejo,8360.31
850,Mycat,5524.87
851,Zoomzone,1852.46
852,Fanoodle,1101.66
853,Minyx,2937.32
854,Gabtune,3630.7
855,Quire,5474.73
856,Divavu,8836.62
857,Leexo,3902.67
858,Muxo,9310.64
859,Oodoo,3657.17
860,Twitterworks,9599.37
861,Rhycero,7937.81
862,Zoonoodle,7388.79
863,Skinder,1503.29
864,Devshare,8412.29
865,Wikivu,8981.28
866,Demizz,5969.78
867,LiveZ,3123.25
868,Brainlounge,3563.77
869,Dabvine,4934.79
870,Twinder,5046.33
871,Omba,5475.48
872,Zoombeat,6251.47
873,Oyonder,101.75
874,Brightbean,2315.24
875,Wordify,2104.75
876,Topiczoom,5767.67
877,Jayo,9731.9
878,Plajo,1056.35
879,Realmix,7193.57
880,Omba,9540.5
881,Feednation,3823.79
882,Youspan,8164.88
883,Skinder,318.81
884,Devcast,1488.23
885,Digitube,2241.17
886,Rhynyx,9325.36
887,Zoonoodle,3980.06
888,Feedfire,1373.82
889,Trupe,3704.73
890,Centidel,4673.81
891,Yodo,3752.08
892,Zoombox,2750.15
893,Twinte,6401.08
894,Blogtag,663.53
895,Tagcat,1607.7
896,Jabbersphere,2840.44
897,Quinu,5671.43
898,Fivebridge,992.28
899,Yozio,2810.89
900,Vipe,5918.46
901,Zoombeat,9536.67
902,Yacero,184.78
903,Jetpulse,3051.47
904,Skynoodle,3858.08
905,Agimba,1904.26
906,Devbug,1393.71
907,Abatz,4327.87
908,Viva,609.2
909,Kaymbo,6010.04
910,Wikibox,1737.85
911,Zooveo,7168.25
912,Shuffledrive,9928.69
913,Skimia,6935.71
914,Oba,1503.15
915,Kayveo,2561.97
916,Thoughtstorm,9591.97
917,Twitterbridge,3776.59
918,Latz,7118.73
919,Twitterworks,2720.02
920,Yacero,2145.81
921,Yodoo,1957.04
922,Browsecat,6461.32
923,Vipe,8293.54
924,Linkbridge,2297.75
925,Jazzy,9835.35
926,Yamia,4780.07
927,DabZ,9376.76
928,Jaxworks,2224.71
929,Photolist,8340.44
930,Skibox,2801.8
931,Oyoloo,471.94
932,Edgetag,2171.68
933,Kwinu,9634.98
934,Gigaclub,417.57
935,Rhynyx,7193.91
936,Divanoodle,4941.86
937,Photobean,8132.54
938,Dynabox,1588.28
939,Quimba,2454.76
940,Rhynoodle,8273.92
941,Skalith,6163.07
942,Edgeify,4125.75
943,Dazzlesphere,3539.13
944,Jetpulse,4920.71
945,Blogpad,2280.42
946,Voonder,9562.3
947,Voolith,6285.82
948,Chatterpoint,4269.46
949,Livetube,1012.13
950,Agivu,2019.43
951,Jayo,2974.8
952,Buzzbean,8959.46
953,Topdrive,6924.52
954,Yodoo,972.13
955,Twitterworks,8362.01
956,Twinder,7448.91
957,Fiveclub,3159.25
958,Tambee,7230.77
959,Kwimbee,5213.08
960,Quaxo,5163.2
961,Zoomlounge,203.65
962,Mita,8294.07
963,Eabox,4615.23
964,Yakidoo,2368.43
965,Jaxworks,5121.24
966,Miboo,4446.88
967,Thoughtblab,164.06
968,Babblestorm,4124.26
969,Mybuzz,8011.48
970,Mudo,3581.71
971,Tagchat,2590.26
972,Skaboo,8507.48
973,Tekfly,5066.31
974,Eare,8703.89
975,Twitterwire,7196.76
976,Buzzdog,5304.83
977,Roombo,3405.93
978,Dabvine,3895.67
979,Blogspan,5948.52
980,Divape,5207.6
981,Yacero,9443.44
982,Yakidoo,338.29
983,Twitterlist,491.11
984,Demimbu,1727.57
985,Fivechat,5283.4
986,Topiczoom,6874.18
987,Quaxo,1111.33
988,Aimbu,976.83
989,Vipe,8761.32
990,Jabbercube,6488.45
991,Skyvu,4733.02
992,Oodoo,6518.27
993,Demizz,2345.37
994,Pixope,1814.13
995,Edgeblab,5771.72
996,Linkbridge,4512.28
997,Linkbridge,3565.11
998,Npath,7147.38
999,Flashset,2194.17
1000,Vimbo,5604.52
1,Twitterbridge,2930.23
2,Kazu,1813.94
3,Vimbo,1665.17
4,Cogilith,3659.59
5,Kimia,9133.97
6,Photobug,8826.65
7,Shuffletag,7157.38
8,Roodel,3726.61
9,Yodoo,2268.54
10,Gabtune,6663.46
11,Wordtune,433.53
12,Zoomzone,5375.11
13,Kwideo,8148.09
14,Voomm,7088.39
15,Meevee,5399.55
16,Thoughtsphere,7551.22
17,Eabox,219.1
18,Wordtune,7691.69
19,Kamba,7114.87
20,Viva,9720.97
21,Yombu,9403.88
22,Blogtags,892.52
23,Riffwire,3263.48
24,Wordpedia,2596.94
25,Dynabox,800.57
26,Topiczoom,4355.5
27,Mydeo,1956.27
28,Jaloo,4010.11
29,Blogtags,4036.45
30,Voonder,7986.51
31,Livetube,7307.97
32,Fadeo,5128.77
33,Fivechat,4288.29
34,DabZ,3946.78
35,Eidel,2228.04
36,Eamia,987.16
37,Quaxo,6983.28
38,Innotype,5717.18
39,Gigaclub,1454.01
40,Skalith,8834.99
41,Shufflester,1463.88
42,Muxo,5901.14
43,Thoughtbridge,2981.18
44,Aibox,1495.98
45,Topiclounge,4663.96
46,Edgeify,3370.51
47,Leenti,9296.06
48,Devshare,9504.0
49,Gabcube,526.18
50,Tagopia,2915.48
51,Wordware,5017.94
52,Eazzy,4020.5
53,Oyoyo,1520.89
54,Quire,7332.56
55,Voolia,6989.61
56,Topiclounge,8349.79
57,Jatri,8599.47
58,Skipstorm,3148.96
59,Blognation,6218.13
60,Leexo,7849.88
61,Dynazzy,5370.36
62,Voomm,7347.77
63,Kwilith,6154.92
64,Janyx,8253.91
65,Pixope,7047.68
66,Youbridge,769.92
67,Tavu,2928.64
68,Gabvine,2186.5
69,Devshare,2305.56
70,Thoughtmix,4382.54
71,Livefish,9337.83
72,Mydo,1751.32
73,Brainlounge,5927.46
74,Zooveo,494.55
75,Voonix,5301.85
76,Browseblab,7260.26
77,Blogtags,964.06
78,Thoughtmix,6289.47
79,Realblab,8400.01
80,Gabspot,6897.43
81,Jabberbean,8500.5
82,Browsecat,1281.47
83,Twitterbridge,4400.07
84,Shufflester,9983.9
85,Quamba,6094.05
86,Thoughtbridge,7731.15
87,Linklinks,9431.48
88,Oodoo,2260.52
89,Edgetag,4084.75
90,Topicblab,8667.23
91,Thoughtstorm,3666.7
92,Brainlounge,2594.72
93,Livetube,1589.66
94,Twitterbridge,890.63
95,Gabvine,7967.28
96,Oyondu,1934.31
97,Tagchat,6744.4
98,Twitterbridge,8186.39
99,Katz,2842.56
100,Mycat,9436.62
101,Linklinks,6933.92
102,Linkbuzz,6313.36
103,Youbridge,8885.39
104,Ntag,3377.66
105,Yadel,7446.79
106,Tagchat,1977.45
107,Yotz,5416.05
108,Eamia,5323.63
109,Oyondu,1549.36
110,Voolia,8862.64
111,Edgewire,1538.98
112,Snaptags,3169.52
113,Zoomcast,3353.63
114,Innotype,9740.47
115,Lazz,9499.73
116,Yakijo,9221.69
117,Jatri,9728.9
118,Wordtune,6656.05
119,Skippad,2487.43
120,Linkbuzz,9099.81
121,Rooxo,7899.39
122,Cogidoo,3434.85
123,Oyoyo,5719.6
124,Bubblemix,230.38
125,Kamba,9067.14
126,Oozz,401.84
127,Topdrive,6205.4
128,Buzzster,6316.62
129,Skinte,2676.05
130,Minyx,8567.65
131,Kare,5489.55
132,Skiba,5311.99
133,JumpXS,8032.78
134,Blogspan,3982.01
135,Browsezoom,848.04
136,Jayo,5924.9
137,Mycat,8662.92
138,Kayveo,8984.13
139,Kare,6201.12
140,Livepath,2865.67
141,Linkbridge,5630.42
142,Dabvine,1580.47
143,Dabjam,3750.66
144,Youspan,6692.79
145,Zoomcast,3208.55
146,Fivebridge,7863.06
147,Voonix,9279.61
148,Yodoo,6592.16
149,Realcube,3264.82
150,Linkbridge,3370.42
151,Oyonder,3645.6
152,Voolith,7827.82
153,LiveZ,3377.13
154,Oodoo,1919.28
155,Eayo,7903.94
156,Dynava,6907.4
157,Feednation,9426.77
158,Avamba,2691.26
159,Kwilith,5750.32
160,Aivee,5474.75
161,Janyx,1694.92
162,Mydo,7561.08
163,Edgeify,6535.72
164,Fivespan,9826.8
165,Browsebug,5838.78
166,Brainverse,9484.82
167,Latz,2212.37
168,Photobug,8629.89
169,Trilia,2071.46
170,Realcube,8551.96
171,Linktype,4290.09
172,Agivu,8741.13
173,Jabberstorm,3535.16
174,Npath,7194.73
175,Gigabox,436.73
176,Oyondu,1310.51
177,Wikivu,9558.14
178,Feedbug,4412.52
179,Aimbu,2878.88
180,Feedmix,5249.97
181,Photobug,4460.87
182,Flashdog,1004.01
183,Devshare,9786.66
184,Thoughtbeat,7075.96
185,Topicware,3412.57
186,Gigaclub,1621.19
187,Midel,8375.03
188,Abatz,6535.83
189,Flipbug,3943.69
190,Trunyx,5604.41
191,Yata,192.16
192,Wordtune,2456.51
193,Thoughtsphere,2414.52
194,Brainsphere,8461.85
195,Omba,9122.03
196,Dynabox,6280.31
197,Tagopia,5504.64
198,Oyoloo,6168.73
199,Aimbu,6003.26
200,Flashset,6867.31
201,Babbleblab,407.81
202,Twitterbridge,2659.7
203,Realbuzz,5597.03
204,Devpoint,1187.71
205,Camimbo,9222.44
206,LiveZ,2240.61
207,LiveZ,7619.47
208,Twinder,483.32
209,Quaxo,9948.74
210,Rhycero,5850.68
211,Digitube,1953.35
212,Kayveo,7155.84
213,Tanoodle,3327.35
214,Gabtype,7837.54
215,Talane,7020.21
216,Fiveclub,5788.89
217,Abatz,6362.42
218,Oba,1543.98
219,Skippad,9938.06
220,Tagtune,6876.41
221,Thoughtmix,9271.94
222,Zoomzone,6421.85
223,Twimm,1021.45
224,Blogtags,3630.97
225,Mymm,8893.84
226,Zooveo,7581.66
227,Yozio,9418.05
228,Katz,3416.72
229,Fanoodle,9540.12
230,Trilith,9473.18
231,Rhybox,7772.26
232,Eabox,5963.51
233,Roodel,3007.85
234,Quamba,1675.9
235,Voolith,4926.11
236,Zoozzy,374.03
237,Flashspan,1971.74
238,Buzzdog,2422.95
239,Tavu,8874.66
240,Kare,9061.25
241,Skynoodle,9904.35
242,Jamia,3121.05
243,Divape,318.3
244,Camido,9786.67
245,Zoombeat,1070.6
246,Yamia,5562.05
247,Rhyloo,2785.68
248,Zoonoodle,6556.63
249,Edgeify,5297.16
250,Camimbo,5854.69
251,Blogspan,5036.42
252,Flashset,2549.31
253,Twimbo,7771.36
254,Zoomdog,4297.14
255,Feedfish,7511.49
256,Mymm,6474.24
257,Muxo,2824.68
258,Tagopia,2922.85
259,Skidoo,6694.54
260,Feedbug,7799.7
261,Agimba,3799.64
262,Feednation,5140.7
263,Realcube,8985.82
264,Riffpedia,9997.94
265,Ntag,4812.03
266,Yata,6831.32
267,Topicshots,2248.02
268,Zoombeat,3995.5
269,Voolia,4012.38
270,Twinder,3799.49
271,Trudeo,9562.43
272,Quinu,3863.88
273,Jaxworks,2239.06
274,Kamba,139.3
275,Meembee,6170.74
276,Riffpath,7090.51
277,Skimia,3157.74
278,Yodel,1991.8
279,Meemm,2786.36
280,Jabbersphere,8309.12
281,Skiptube,6647.07
282,Skippad,3391.46
283,Ainyx,7800.22
284,Ntag,6275.6
285,Zoomdog,928.04
286,Fliptune,4401.55
287,Eamia,5527.59
288,Skynoodle,9591.01
289,Jabbersphere,357.79
290,Gevee,1314.57
291,Avavee,8939.54
292,Layo,378.42
293,Demimbu,6505.1
294,Zoomcast,6361.63
295,Twimbo,2509.67
296,Bluezoom,6922.51
297,Jazzy,1487.3
298,Janyx,6104.28
299,Rhycero,8184.07
300,Kimia,3419.67
301,Teklist,9983.46
302,Skaboo,8329.59
303,Edgeblab,6014.01
304,Oyoyo,8815.6
305,Dazzlesphere,2588.68
306,Blogpad,9443.26
307,LiveZ,7125.12
308,Kazu,2049.87
309,Shufflester,4741.2
310,Edgepulse,6987.09
311,Lazz,2965.02
312,Meetz,6438.36
313,Eamia,6169.56
314,Mydo,6583.76
315,Rhynoodle,1063.59
316,Divavu,6062.92
317,Mydeo,3591.65
318,Edgeblab,939.65
319,Blogspan,7070.0
320,Topicblab,527.18
321,Devshare,3587.73
322,Flipstorm,7648.34
323,Skyba,1671.99
324,Latz,853.7
325,Kwilith,3092.03
326,Browseblab,4364.8
327,Buzzdog,3929.77
328,Teklist,7473.1
329,Ozu,4668.78
330,Ntags,8885.99
331,Browsetype,5769.17
332,Aimbu,3731.12
333,Vinder,4368.28
334,Tavu,6471.35
335,Blogtags,5135.2
336,Youspan,3467.66
337,Youspan,1845.98
338,Janyx,7504.71
339,Kwilith,9646.15
340,Kayveo,3366.97
341,Youfeed,9455.48
342,Twinte,2722.44
343,Fivechat,2784.97
344,Aibox,2579.21
345,Quatz,2350.63
346,Rhybox,1273.86
347,Katz,1920.4
348,Devify,4576.84
349,Aimbu,9854.53
350,Chatterbridge,7826.09
351,Jetwire,1303.33
352,Jabbersphere,754.27
353,Linklinks,834.53
354,Realbuzz,6644.15
355,Edgepulse,9902.3
356,Bluejam,8176.25
357,Jaloo,4596.45
358,Feedspan,791.14
359,Tazzy,4188.84
360,Trupe,5170.91
361,Zava,6190.2
362,Quimba,7584.43
363,Camido,1947.29
364,Ozu,5485.21
365,Myworks,1271.62
366,Topicware,889.04
367,Divape,5334.5
368,Zooxo,6621.61
369,Browsedrive,4520.96
370,Gabcube,361.11
371,Feedmix,6278.33
372,Realblab,1454.37
373,Npath,6904.51
374,Twitterlist,8243.75
375,Meevee,5179.29
376,Linkbuzz,6287.36
377,Tavu,6156.94
378,Tagopia,7276.98
379,Jatri,1863.78
380,Browsezoom,7030.81
381,Meemm,9136.74
382,Eazzy,3466.34
383,Skilith,8642.38
384,Voolith,9459.34
385,Roombo,3949.07
386,Digitube,9886.41
387,Photospace,8079.07
388,Shufflester,6583.76
389,Youbridge,5825.91
390,Edgeify,4772.23
391,Riffwire,8069.07
392,Photolist,240.2
393,Skinder,4962.13
394,Vinder,2317.11
395,Topicstorm,9816.79
396,Browsebug,4772.09
397,Skaboo,7179.84
398,Gigazoom,2320.44
399,Plambee,2818.64
400,Dabshots,8346.22
401,InnoZ,8604.04
402,Wordware,2072.59
403,Plambee,6032.68
404,Blogtag,4669.2
405,Brainbox,6011.16
406,Voolith,5809.49
407,Skinder,3343.76
408,Jaxbean,425.84
409,Twitterbeat,1903.63
410,Rooxo,8489.83
411,Dabvine,5723.8
412,Livepath,7601.61
413,Youfeed,1134.66
414,Tazzy,1332.37
415,Skipstorm,4221.01
416,Centidel,1241.59
417,Voonte,6860.01
418,Oyoloo,5143.96
419,Voomm,9844.95
420,Twitterbeat,1805.69
421,Flashdog,7122.63
422,Thoughtsphere,7680.5
423,Rhycero,1783.65
424,Miboo,8755.58
425,Eayo,3817.59
426,Eire,4903.32
427,Edgetag,5200.03
428,Yakitri,5274.5
429,Thoughtstorm,7646.97
430,Eabox,2787.19
431,Divavu,3420.26
432,Yozio,1256.99
433,Skiptube,3202.06
434,Topicstorm,1163.63
435,Vinte,1098.55
436,Brainverse,4123.6
437,Yakijo,2221.47
438,Layo,8441.51
439,BlogXS,7015.76
440,Flashset,2858.26
441,Jaxspan,9165.87
442,Skiptube,989.62
443,Edgewire,5073.87
444,Oyoba,1545.24
445,Cogibox,8288.69
446,Brainverse,7300.21
447,Skilith,123.73
448,Avamm,1784.87
449,Yacero,8123.47
450,Gabcube,6161.8
451,Leexo,1374.64
452,Aimbo,8916.5
453,Agimba,5798.74
454,Zoonder,3995.48
455,Edgeblab,6463.42
456,Youbridge,2531.59
457,Abata,2761.49
458,Skajo,3322.72
459,Yambee,7024.68
460,Jaxworks,3268.38
461,Viva,5687.49
462,Nlounge,2229.86
463,Skipstorm,6496.31
464,Quatz,6630.09
465,Plambee,9519.36
466,Youspan,7117.86
467,Topdrive,2862.54
468,Meejo,5132.32
469,Jatri,3358.55
470,Wikivu,9251.93
471,Brainlounge,3939.92
472,Trilith,5048.45
473,Realblab,9942.51
474,Kaymbo,4982.34
475,Devify,8385.41
476,Gabtune,4890.34
477,Trupe,7439.47
478,Yoveo,8084.7
479,Muxo,3836.17
480,Eidel,4838.79
481,Aimbu,1746.19
482,Teklist,533.78
483,Tagopia,8454.02
484,Kwimbee,7236.77
485,Skinix,3232.34
486,Nlounge,420.51
487,Dynabox,9500.05
488,Lajo,4624.51
489,Thoughtsphere,9210.87
490,Eabox,7067.4
491,Yabox,7839.47
492,JumpXS,6508.31
493,Tekfly,5434.67
494,Rhyloo,8537.4
495,Babbleset,2613.11
496,Quamba,7188.77
497,Brightdog,8805.21
498,Zoomdog,4165.03
499,Reallinks,7280.59
500,Kayveo,8075.2
501,Yodel,8022.35
502,Tagopia,8072.88
503,Thoughtbridge,2620.9
504,Jaxspan,6414.07
505,Yoveo,6535.06
506,Wordify,7328.52
507,Ooba,3642.49
508,Photolist,757.9
509,Myworks,8686.77
510,Nlounge,3965.47
511,Skinix,4523.34
512,Gigashots,4922.0
513,Abata,8114.44
514,Gigaclub,5006.47
515,Skyndu,4282.76
516,Skiba,3034.35
517,Jaxspan,2856.15
518,Topicstorm,4496.39
519,Flashspan,6438.29
520,Realfire,6701.48
521,Brainbox,8874.8
522,Topicware,7706.02
523,Feedfish,4115.2
524,Rhyloo,4489.18
525,Feedbug,112.29
526,Nlounge,3225.9
527,Twimbo,2258.09
528,Aibox,6232.12
529,Babbleopia,5798.48
530,Devbug,1589.1
531,Pixoboo,7717.41
532,Twitterwire,3270.82
533,Ntag,9260.25
534,Demimbu,7880.12
535,Jabbertype,6657.69
536,Browsebug,5676.88
537,Gabspot,5263.16
538,Jaxspan,9642.04
539,Eire,3999.72
540,Vimbo,1521.99
541,Zoombeat,8293.79
542,Chatterbridge,6962.09
543,Riffwire,5262.26
544,Livetube,3506.31
545,Riffpedia,3714.31
546,Thoughtblab,9143.71
547,Thoughtmix,8056.63
548,Kanoodle,9519.34
549,Mudo,7283.33
550,Buzzbean,5926.12
551,Feedfire,158.29
552,Gigabox,4214.05
553,Minyx,2305.76
554,Nlounge,4725.12
555,Photobug,8526.21
556,Browsetype,993.63
557,Quimm,6433.68
558,Meeveo,6372.18
559,Wikido,9975.95
560,Mudo,8790.58
561,Janyx,4960.72
562,Minyx,9795.66
563,Oodoo,6894.68
564,Innojam,6536.07
565,Realbridge,7324.76
566,Twimm,3697.21
567,Kamba,3693.96
568,Aimbo,371.56
569,Gevee,8495.84
570,Blogpad,1446.87
571,Pixoboo,4551.3
572,Buzzbean,7601.14
573,Thoughtmix,5884.6
574,Photolist,3462.53
575,Aimbu,4185.52
576,Shufflebeat,601.0
577,Devify,4799.21
578,Photospace,5549.08
579,Zoomcast,3639.21
580,Eare,5869.68
581,Zooveo,7468.21
582,Yamia,489.61
583,Mynte,9023.14
584,Fanoodle,7859.78
585,Edgetag,8962.5
586,Zava,2858.52
587,Linklinks,5373.42
588,Photofeed,6425.67
589,Jabbersphere,8205.29
590,Dabshots,2912.84
591,Tagpad,2933.03
592,Devshare,3511.39
593,Dabfeed,7333.45
594,Skibox,7693.24
595,Wikizz,5063.96
596,Demivee,692.72
597,Meevee,7144.21
598,Photofeed,8101.22
599,Zoombox,4191.21
600,Meezzy,739.15
601,Gigazoom,6495.53
602,Youspan,3846.59
603,Jaxworks,2070.86
604,Realbuzz,5083.3
605,Gabspot,7543.84
606,Skidoo,7853.32
607,Yata,2909.71
608,Tazz,3034.12
609,Dynabox,2408.84
610,Abatz,8420.63
611,Zoozzy,8376.82
612,Thoughtstorm,114.57
613,Yata,4122.39
614,Trilia,8684.15
615,Latz,284.93
616,Rhycero,1597.11
617,Photobug,9937.04
618,Fivespan,9293.7
619,Avamba,2599.81
620,Abatz,2420.27
621,Oodoo,9125.94
622,Viva,859.7
623,Skipstorm,6818.45
624,Gabtype,3182.37
625,Cogibox,1767.09
626,Brainbox,6274.33
627,Mynte,8237.7
628,Vidoo,8833.07
629,Linkbuzz,7063.52
630,Pixoboo,4618.81
631,Jayo,1640.38
632,Kwideo,8718.15
633,Fivebridge,1622.14
634,Mymm,9268.17
635,Wikizz,2165.24
636,Tanoodle,8015.98
637,Twitterbeat,8713.46
638,Ozu,2486.27
639,Vitz,2716.7
640,Demimbu,2098.63
641,InnoZ,6707.42
642,Podcat,4541.95
643,Topdrive,7924.48
644,Jayo,3507.7
645,Kamba,5312.79
646,Dabvine,8169.05
647,Cogibox,7925.78
648,Quatz,5057.39
649,Jabberstorm,411.07
650,Twinder,5365.79
651,Skinix,6193.35
652,Dablist,9231.61
653,Jaxbean,1456.83
654,Dabshots,9019.24
655,Oyonder,3296.94
656,Rhyzio,4125.64
657,Eimbee,5533.29
658,Devcast,5793.3
659,Yodel,1606.98
660,Brainverse,2840.09
661,Photolist,974.2
662,Youspan,5745.73
663,Skyble,8323.6
664,Aimbu,6377.64
665,Realmix,3906.33
666,Bluejam,6670.17
667,Twinte,1028.43
668,Flashdog,1379.33
669,Zoonder,7572.09
670,Zoonoodle,2870.59
671,Tazz,5917.71
672,Topdrive,3883.94
673,Skajo,9913.39
674,Bubblebox,997.04
675,Quimba,5557.27
676,Tavu,6077.28
677,Agivu,1759.22
678,Browseblab,5142.88
679,Avamba,8682.42
680,Realfire,7877.29
681,Tavu,5960.96
682,Abata,8444.0
683,Twinte,7153.64
684,Brainlounge,4410.55
685,Plambee,4500.05
686,Wikivu,1165.12
687,Zoonder,898.29
688,Realfire,2771.58
689,Flashpoint,5749.02
690,Skimia,5016.81
691,Flashpoint,7950.33
692,Skinte,1231.81
693,Voolith,5025.24
694,Edgetag,3890.66
695,Buzzster,9763.34
696,Shuffletag,2040.66
697,Bubblebox,9017.62
698,Divanoodle,6125.25
699,Jazzy,7018.56
700,Buzzster,9552.31
701,Aimbo,2470.84
702,Thoughtworks,8554.38
703,Einti,540.68
704,Yozio,2175.93
705,Centidel,8691.92
706,Brainsphere,8622.68
707,Aimbo,7046.71
708,Youspan,3924.9
709,Mycat,1427.36
710,Jaxnation,1053.43
711,Yadel,5536.37
712,Aimbu,4583.72
713,Leexo,4139.43
714,Meemm,4078.06
715,Zoomzone,2026.12
716,Chatterpoint,3269.39
717,Quimm,469.37
718,Realmix,2510.19
719,Dynazzy,3580.01
720,Photojam,1015.66
721,Riffpath,4761.58
722,Lazzy,9645.24
723,Fadeo,5238.0
724,Ailane,3748.14
725,Jabberbean,5301.0
726,Bubblebox,6905.8
727,Shuffledrive,1197.75
728,Wordify,462.45
729,Twitternation,8137.61
730,Tagfeed,3852.49
731,Realcube,5975.48
732,Innotype,733.07
733,Nlounge,6205.85
734,Dablist,9677.39
735,Vinte,6584.89
736,Vidoo,4088.58
737,Jabbertype,1762.38
738,Ntag,6859.57
739,Viva,6732.47
740,Thoughtbeat,2749.29
741,Demivee,8634.26
742,Rhyzio,3094.82
743,Jatri,7093.58
744,Voonte,3169.56
745,Dynava,2620.52
746,Eabox,5109.02
747,Linkbuzz,164.59
748,Flashset,4075.62
749,Babbleblab,5883.8
750,Tavu,6478.84
751,Meetz,8827.6
752,Zazio,1259.18
753,Skyvu,1595.78
754,Flipbug,9576.97
755,Brainlounge,8831.72
756,Oyope,4082.62
757,Jazzy,2504.01
758,Zooxo,8561.33
759,Rhyloo,671.3
760,Photobug,2521.04
761,Brightbean,5951.56
762,Ainyx,6200.69
763,Rhynyx,4134.01
764,Trilith,9837.47
765,Twiyo,4055.15
766,Meeveo,9809.83
767,Chatterbridge,7172.27
768,Eamia,929.62
769,Livetube,9501.29
770,Jamia,8331.58
771,Vidoo,2027.26
772,Kayveo,3031.95
773,Midel,825.37
774,Eire,3557.91
775,Youfeed,7846.17
776,Browsezoom,1259.54
777,Zoombeat,5323.96
778,Topicstorm,7598.61
779,Realbridge,6137.24
780,Dabshots,752.75
781,Mydeo,3468.4
782,Dynabox,2171.54
783,JumpXS,9441.39
784,Vidoo,2043.88
785,Skyble,3269.97
786,Browsedrive,6811.25
787,Blogtags,8457.73
788,Topicware,2967.82
789,Vipe,9901.37
790,Tagtune,842.03
791,Dynabox,8813.57
792,Zoomcast,2162.28
793,Quatz,3589.06
794,Kaymbo,8410.62
795,Tazz,4345.98
796,Oyoba,4571.66
797,Devcast,5805.83
798,Quire,2309.63
799,Devbug,4760.42
800,Twiyo,7773.55
801,Skiba,7448.36
802,Feedfire,2106.29
803,Quire,2527.93
804,Photobean,1795.97
805,Divavu,9047.11
806,InnoZ,6523.17
807,Jamia,901.9
808,Shuffledrive,8475.18
809,Divanoodle,5228.9
810,Agimba,1486.8
811,Skyble,8775.69
812,Buzzbean,4209.12
813,Jetpulse,3354.16
814,Dablist,3873.3
815,Mynte,6336.01
816,Fiveclub,8046.76
817,Dynazzy,8289.32
818,Skilith,650.18
819,Divanoodle,740.58
820,Mymm,6251.67
821,Thoughtmix,9627.97
822,Avamm,8092.87
823,Kamba,7623.51
824,Mynte,4908.14
825,Wordtune,593.7
826,Flipbug,5106.48
827,Eimbee,3804.35
828,Skyba,9992.99
829,Livetube,3579.55
830,Fivechat,7464.16
831,Photolist,9118.3
832,Mydo,1121.72
833,Yotz,9745.57
834,Kare,6741.1
835,Feedfire,5052.71
836,Skynoodle,7590.87
837,Rhyloo,3791.11
838,Kamba,7350.53
839,Eidel,1485.56
840,Agimba,5150.94
841,Dablist,591.88
842,Edgetag,8054.32
843,Buzzster,4571.14
844,Skipfire,5479.12
845,Buzzster,4839.07
846,Jamia,9090.66
847,Skibox,3926.44
848,Flashset,4947.73
849,Meejo,3888.06
850,Mycat,6837.34
851,Zoomzone,9774.65
852,Fanoodle,1314.19
853,Minyx,9042.37
854,Gabtune,5742.62
855,Quire,6970.66
856,Divavu,4006.36
857,Leexo,248.59
858,Muxo,1171.15
859,Oodoo,397.31
860,Twitterworks,9167.52
861,Rhycero,5870.2
862,Zoonoodle,4845.15
863,Skinder,9927.76
864,Devshare,640.99
865,Wikivu,3386.56
866,Demizz,2380.66
867,LiveZ,9576.99
868,Brainlounge,2212.91
869,Dabvine,8219.16
870,Twinder,5133.89
871,Omba,1537.69
872,Zoombeat,6664.79
873,Oyonder,2347.65
874,Brightbean,7855.12
875,Wordify,9205.63
876,Topiczoom,7195.88
877,Jayo,3083.2
878,Plajo,8642.21
879,Realmix,9567.42
880,Omba,2349.2
881,Feednation,1678.71
882,Youspan,9523.28
883,Skinder,3516.03
884,Devcast,8415.17
885,Digitube,1890.42
886,Rhynyx,6894.64
887,Zoonoodle,9140.61
888,Feedfire,7106.42
889,Trupe,7241.8
890,Centidel,4650.53
891,Yodo,2460.65
892,Zoombox,1807.92
893,Twinte,100.69
894,Blogtag,6784.99
895,Tagcat,1767.31
896,Jabbersphere,7792.53
897,Quinu,9852.46
898,Fivebridge,9516.39
899,Yozio,2335.92
900,Vipe,3764.82
901,Zoombeat,3925.73
902,Yacero,8090.62
903,Jetpulse,2129.89
904,Skynoodle,5151.75
905,Agimba,485.63
906,Devbug,2355.68
907,Abatz,1956.06
908,Viva,3531.84
909,Kaymbo,7711.58
910,Wikibox,1945.19
911,Zooveo,1910.94
912,Shuffledrive,5785.38
913,Skimia,5867.1
914,Oba,1259.75
915,Kayveo,7730.33
916,Thoughtstorm,4790.37
917,Twitterbridge,5227.17
918,Latz,9595.95
919,Twitterworks,8499.47
920,Yacero,4770.5
921,Yodoo,2210.48
922,Browsecat,3732.55
923,Vipe,767.95
924,Linkbridge,3114.43
925,Jazzy,1671.22
926,Yamia,2373.33
927,DabZ,4181.99
928,Jaxworks,2529.71
929,Photolist,9535.89
930,Skibox,3975.02
931,Oyoloo,2768.26
932,Edgetag,3069.03
933,Kwinu,8011.43
934,Gigaclub,3323.96
935,Rhynyx,114.4
936,Divanoodle,3645.37
937,Photobean,9607.16
938,Dynabox,7675.92
939,Quimba,9176.6
940,Rhynoodle,8322.03
941,Skalith,1231.16
942,Edgeify,4106.07
943,Dazzlesphere,6822.55
944,Jetpulse,6588.85
945,Blogpad,3747.79
946,Voonder,6969.05
947,Voolith,3371.46
948,Chatterpoint,6308.16
949,Livetube,883.85
950,Agivu,8513.83
951,Jayo,2712.32
952,Buzzbean,3268.46
953,Topdrive,5384.15
954,Yodoo,5503.79
955,Twitterworks,9120.13
956,Twinder,8762.83
957,Fiveclub,7254.7
958,Tambee,6374.3
959,Kwimbee,3898.33
960,Quaxo,4720.35
961,Zoomlounge,868.81
962,Mita,7475.02
963,Eabox,881.11
964,Yakidoo,9646.99
965,Jaxworks,5937.61
966,Miboo,6088.08
967,Thoughtblab,3898.65
968,Babblestorm,4535.45
969,Mybuzz,2455.01
970,Mudo,316.53
971,Tagchat,7733.45
972,Skaboo,7047.89
973,Tekfly,6822.32
974,Eare,1681.26
975,Twitterwire,4613.56
976,Buzzdog,7110.69
977,Roombo,1076.81
978,Dabvine,5265.87
979,Blogspan,3813.77
980,Divape,2178.12
981,Yacero,7043.74
982,Yakidoo,3651.62
983,Twitterlist,4431.15
984,Demimbu,230.87
985,Fivechat,262.07
986,Topiczoom,803.9
987,Quaxo,6885.95
988,Aimbu,4379.67
989,Vipe,3431.39
990,Jabbercube,7682.51
991,Skyvu,1710.04
992,Oodoo,2530.91
993,Demizz,9387.43
994,Pixope,8619.19
995,Edgeblab,1200.11
996,Linkbridge,3008.42
997,Linkbridge,1257.71
998,Npath,8978.98
999,Flashset,3413.35
1000,Vimbo,8130.38
